{
  "xml_type": "POWERMART",
  "folder_name": "CDM_DEV3_SFDC",
  "repository_name": "pc105_repo_dev2_3",
  "mapping_count": 1,
  "mappings": [
    {
      "mapping_name": "m_landing_sfdc_to_cdm_contact_party_mechanism",
      "sources": [
        {
          "name": "pre_land_sfdc_contact",
          "type": "SQL",
          "database_type": "Microsoft SQL Server",
          "db_name": "CDM_SQL_PRE_LANDING_SRC",
          "field_count": 85,
          "confidence": "high",
          "needs_connection": true
        }
      ],
      "targets": [
        {
          "name": "TODAY_PARTY_CNTCT_MCHSM_XFORM",
          "database_type": "Microsoft SQL Server",
          "field_count": 20,
          "needs_destination": true
        }
      ],
      "transform_summary": {
        "source_qualifiers": 1,
        "expressions": 1,
        "filters": 1,
        "joiners": 0,
        "lookups": 3,
        "stored_procedures": 0,
        "update_strategies": 0,
        "aggregators": 0,
        "sorters": 0,
        "routers": 0,
        "unions": 0,
        "others": 0
      },
      "main_flow": [
        {
          "instance_name": "pre_land_sfdc_contact_sfdc",
          "instance_type": "SOURCE",
          "order": 0
        },
        {
          "instance_name": "LKP_PARTY_ROLE_SOFIDORIS",
          "instance_type": "TRANSFORMATION",
          "order": 1
        },
        {
          "instance_name": "LKP_PARTY_ROLE_SFDC",
          "instance_type": "TRANSFORMATION",
          "order": 2
        },
        {
          "instance_name": "lkp_values",
          "instance_type": "TRANSFORMATION",
          "order": 3
        },
        {
          "instance_name": "SQ_pre_land_sfdc_contact_sfdc",
          "instance_type": "TRANSFORMATION",
          "order": 4
        },
        {
          "instance_name": "FILTRANS",
          "instance_type": "TRANSFORMATION",
          "order": 5
        },
        {
          "instance_name": "EXPTRANS",
          "instance_type": "TRANSFORMATION",
          "order": 6
        },
        {
          "instance_name": "TODAY_PARTY_CNTCT_MCHSM_XFORM_SFDC",
          "instance_type": "TARGET",
          "order": 7
        }
      ],
      "detached_lookups": [],
      "detached_sps": [],
      "expression_analysis": {
        "lookups": [
          {
            "lookup_name": "lkp_values",
            "input_ports": [
              "ltrim(rtrim(Type"
            ],
            "output_ports": [],
            "condition": ""
          },
          {
            "lookup_name": "LKP_PARTY_ROLE_SOFIDORIS",
            "input_ports": [
              "'PER_'||Sequence_N__c"
            ],
            "output_ports": [],
            "condition": ""
          },
          {
            "lookup_name": "LKP_PARTY_ROLE_SFDC",
            "input_ports": [
              "'PER_'||Id"
            ],
            "output_ports": [],
            "condition": ""
          }
        ],
        "stored_procs": [],
        "pm_variables": [
          "$PMMappingName"
        ],
        "unknown_references": []
      },
      "required_user_inputs": [
        {
          "type": "connection",
          "source_name": "pre_land_sfdc_contact",
          "label": "Database connection for pre_land_sfdc_contact",
          "db_name": "CDM_SQL_PRE_LANDING_SRC",
          "database_type": "Microsoft SQL Server"
        },
        {
          "type": "target_config",
          "target_name": "TODAY_PARTY_CNTCT_MCHSM_XFORM",
          "label": "Target configuration for TODAY_PARTY_CNTCT_MCHSM_XFORM",
          "needs": [
            "format",
            "destination",
            "write_mode"
          ]
        }
      ],
      "flow_text": "pre_land_sfdc_contact_sfdc (SRC) -> SQ_pre_land_sfdc_contact_sfdc (TRA) -> FILTRANS (TRA) -> EXPTRANS (TRA) -> TODAY_PARTY_CNTCT_MCHSM_XFORM_SFDC (TGT)"
    }
  ],
  "warnings": [],
  "errors": []
}