{
  "mapping_name": "m_today_dst_ta_cust_leg_owner_party_cntct_mech",
  "status": "success",
  "coverage_percent": 100.0,
  "generated_files": [
    "m_today_dst_ta_cust_leg_owner_party_cntct_mech.py"
  ],
  "warnings": [
    {
      "severity": "warning",
      "category": "conversion",
      "message": "No connection alias found for today_party_cntct_mchsm_xform, using 'target_db'",
      "details": null
    },
    {
      "severity": "warning",
      "category": "conversion",
      "message": "No connection alias found for today_party_cntct_mchsm_inv, using 'target_db'",
      "details": null
    }
  ],
  "errors": [],
  "manual_items": [],
  "unsupported_features": []
}