{
  "artifact_id": "79f89b0e",
  "sources": [
    {
      "source_name": "pre_land_sfdc_contact",
      "source_type": "SQL",
      "connection_alias": "CDM_SQL_PRE_LANDING_SRC",
      "file_format": null,
      "file_location": null,
      "file_path": null,
      "delimiter": ",",
      "header": true,
      "quote_char": "\"",
      "escape_char": "\\",
      "encoding": "UTF-8"
    }
  ],
  "targets": [
    {
      "target_name": "TODAY_PARTY_CNTCT_MCHSM_XFORM",
      "output_format": "delta",
      "destination_path": "",
      "table_name": "TODAY_PARTY_CNTCT_MCHSM_XFORM",
      "write_mode": "append"
    }
  ],
  "db_connections": {}
}