{
  "mapping_name": "m_landing_sfdc_to_cdm_contact_party_mechanism",
  "status": "success",
  "coverage_percent": 100.0,
  "generated_files": [
    "job_m_landing_sfdc_to_cdm_contact_party_mechanism.py",
    "runtime_lib.py",
    "config.yaml"
  ],
  "warnings": [
    {
      "severity": "warning",
      "category": "conversion",
      "message": "Unsupported transformation type: TRANSFORMATION (LKP_PARTY_ROLE_SOFIDORIS)",
      "details": null
    },
    {
      "severity": "warning",
      "category": "conversion",
      "message": "Unsupported transformation type: TRANSFORMATION (LKP_PARTY_ROLE_SFDC)",
      "details": null
    },
    {
      "severity": "warning",
      "category": "conversion",
      "message": "Unsupported transformation type: TRANSFORMATION (lkp_values)",
      "details": null
    },
    {
      "severity": "warning",
      "category": "conversion",
      "message": "Unsupported transformation type: TRANSFORMATION (SQ_pre_land_sfdc_contact_sfdc)",
      "details": null
    },
    {
      "severity": "warning",
      "category": "conversion",
      "message": "Unsupported transformation type: TRANSFORMATION (FILTRANS)",
      "details": null
    },
    {
      "severity": "warning",
      "category": "conversion",
      "message": "Unsupported transformation type: TRANSFORMATION (EXPTRANS)",
      "details": null
    },
    {
      "severity": "warning",
      "category": "conversion",
      "message": "No input DataFrame found for target TODAY_PARTY_CNTCT_MCHSM_XFORM_SFDC",
      "details": null
    }
  ],
  "errors": [],
  "manual_items": [],
  "unsupported_features": []
}