{
  "mapping_name": "m_today_fidelity_party_trading_id",
  "status": "success",
  "coverage_percent": 100.0,
  "generated_files": [
    "m_today_fidelity_party_trading_id.py"
  ],
  "warnings": [
    {
      "severity": "warning",
      "category": "conversion",
      "message": "No connection alias found for Trading_ID_Plan_Sponsor_For_Further_Match, using 'target_db'",
      "details": null
    },
    {
      "severity": "warning",
      "category": "conversion",
      "message": "No connection alias found for Trading_ID_Plan_Sponsor_For_Further_Match, using 'target_db'",
      "details": null
    },
    {
      "severity": "warning",
      "category": "conversion",
      "message": "No connection alias found for Fidelity_Trading_ID_Manual_Review_Report, using 'target_db'",
      "details": null
    },
    {
      "severity": "warning",
      "category": "conversion",
      "message": "No connection alias found for Today_Party_Trading_ID_Xform, using 'target_db'",
      "details": null
    }
  ],
  "errors": [],
  "manual_items": [],
  "unsupported_features": []
}