{
  "artifact_id": "dfb343c0",
  "sources": [
    {
      "source_name": "TODAY_PARTY_ROLE_XFORM",
      "source_type": "SQL",
      "connection_alias": "CDM_PRELANDING3",
      "file_format": null,
      "file_location": null,
      "file_path": null,
      "delimiter": ",",
      "header": true,
      "quote_char": "\"",
      "escape_char": "\\",
      "encoding": "UTF-8"
    }
  ],
  "targets": [
    {
      "target_name": "C_LDG_PARTY_ROLE",
      "output_format": "delta",
      "destination_path": "dfgdfgdfgdfgdfg",
      "table_name": "C_LDG_PARTY_ROLE",
      "write_mode": "append"
    }
  ],
  "db_connections": {}
}