{
  "mapping_name": "m_landing_party_role_delta",
  "status": "success",
  "coverage_percent": 100.0,
  "generated_files": [
    "job_m_landing_party_role_delta.py",
    "runtime_lib.py",
    "config.yaml"
  ],
  "warnings": [
    {
      "severity": "warning",
      "category": "conversion",
      "message": "Unsupported transformation type: TRANSFORMATION (SQ_TODAY_PARTY_ROLE_XFORM_DEL)",
      "details": null
    },
    {
      "severity": "warning",
      "category": "conversion",
      "message": "Unsupported transformation type: TRANSFORMATION (SQ_TODAY_PARTY_ROLE_XFORM_INS)",
      "details": null
    },
    {
      "severity": "warning",
      "category": "conversion",
      "message": "Unsupported transformation type: TRANSFORMATION (SQ_TODAY_PARTY_ROLE_XFORM_UPD)",
      "details": null
    },
    {
      "severity": "warning",
      "category": "conversion",
      "message": "Unsupported transformation type: TRANSFORMATION (EXPTRANS_DEL)",
      "details": null
    },
    {
      "severity": "warning",
      "category": "conversion",
      "message": "Unsupported transformation type: TRANSFORMATION (EXPTRANS_INS)",
      "details": null
    },
    {
      "severity": "warning",
      "category": "conversion",
      "message": "Unsupported transformation type: TRANSFORMATION (EXPTRANS_UPD)",
      "details": null
    },
    {
      "severity": "warning",
      "category": "conversion",
      "message": "Unsupported transformation type: TRANSFORMATION (Union)",
      "details": null
    },
    {
      "severity": "warning",
      "category": "conversion",
      "message": "Unsupported transformation type: TRANSFORMATION (UPDTRANS)",
      "details": null
    },
    {
      "severity": "warning",
      "category": "conversion",
      "message": "No input DataFrame found for target C_LDG_PARTY_ROLE",
      "details": null
    }
  ],
  "errors": [],
  "manual_items": [],
  "unsupported_features": []
}