{
  "mapping_name": "m_today_dst_ta_cust_leg_owner_party_cntct_mech",
  "status": "needs_review",
  "coverage_percent": 91.7,
  "generated_files": [
    "mapping_m_today_dst_ta_cust_leg_owner_party_cntct_mech.py",
    "config.yml"
  ],
  "warnings": [
    {
      "severity": "warning",
      "category": "conversion",
      "message": "No input DataFrame found for EXP_Derived_Columns_ORG",
      "details": null
    },
    {
      "severity": "warning",
      "category": "conversion",
      "message": "No input DataFrame found for EXP_Derived_Columns_PER",
      "details": null
    },
    {
      "severity": "warning",
      "category": "conversion",
      "message": "No connection alias found for today_party_cntct_mchsm_xform, using 'target_db'",
      "details": null
    },
    {
      "severity": "warning",
      "category": "conversion",
      "message": "No connection alias found for today_party_cntct_mchsm_inv, using 'target_db'",
      "details": null
    }
  ],
  "errors": [
    {
      "severity": "error",
      "category": "quality_gate",
      "message": "Found placeholder/unresolved reference: 'source_db' (1 occurrences)",
      "details": "The generated code contains 'source_db' which indicates an unresolved placeholder"
    }
  ],
  "manual_items": [],
  "unsupported_features": []
}