{
  "xml_type": "POWERMART",
  "folder_name": "CDM_DEV3_SFDC",
  "repository_name": "pc105_repo_dev2_3",
  "mapping_count": 1,
  "mappings": [
    {
      "mapping_name": "m_landing_sfdc_to_cdm_organization_party_role",
      "sources": [
        {
          "name": "pre_land_sfdc_org_office_role",
          "type": "SQL",
          "database_type": "Microsoft SQL Server",
          "db_name": "CDM_SQL_PRE_LANDING_SRC",
          "owner_name": "dbo",
          "field_count": 13,
          "confidence": "high",
          "fields": [
            {
              "name": "Id",
              "datatype": "nvarchar",
              "precision": 18,
              "scale": 0,
              "nullable": true,
              "key_type": "NOT A KEY"
            },
            {
              "name": "CreatedDate",
              "datatype": "nvarchar",
              "precision": 29,
              "scale": 0,
              "nullable": true,
              "key_type": "NOT A KEY"
            },
            {
              "name": "CreatedByAlias",
              "datatype": "nvarchar",
              "precision": 8,
              "scale": 0,
              "nullable": true,
              "key_type": "NOT A KEY"
            },
            {
              "name": "LastModifiedDate",
              "datatype": "nvarchar",
              "precision": 29,
              "scale": 0,
              "nullable": true,
              "key_type": "NOT A KEY"
            },
            {
              "name": "LastModifiedAlias",
              "datatype": "nvarchar",
              "precision": 8,
              "scale": 0,
              "nullable": true,
              "key_type": "NOT A KEY"
            },
            {
              "name": "LastActivityDate",
              "datatype": "nvarchar",
              "precision": 29,
              "scale": 0,
              "nullable": true,
              "key_type": "NOT A KEY"
            },
            {
              "name": "Role_Start_Date__c",
              "datatype": "nvarchar",
              "precision": 29,
              "scale": 0,
              "nullable": true,
              "key_type": "NOT A KEY"
            },
            {
              "name": "Role_End_Date__c",
              "datatype": "nvarchar",
              "precision": 29,
              "scale": 0,
              "nullable": true,
              "key_type": "NOT A KEY"
            },
            {
              "name": "Primary_Role__c",
              "datatype": "nvarchar",
              "precision": 5,
              "scale": 0,
              "nullable": true,
              "key_type": "NOT A KEY"
            },
            {
              "name": "Role_Inactivation_Reason__c",
              "datatype": "nvarchar",
              "precision": 255,
              "scale": 0,
              "nullable": true,
              "key_type": "NOT A KEY"
            },
            {
              "name": "Role_Status__c",
              "datatype": "nvarchar",
              "precision": 255,
              "scale": 0,
              "nullable": true,
              "key_type": "NOT A KEY"
            },
            {
              "name": "Role__c",
              "datatype": "nvarchar",
              "precision": 255,
              "scale": 0,
              "nullable": true,
              "key_type": "NOT A KEY"
            },
            {
              "name": "Account_Name__c",
              "datatype": "nvarchar",
              "precision": 18,
              "scale": 0,
              "nullable": true,
              "key_type": "NOT A KEY"
            }
          ],
          "needs_connection": true
        },
        {
          "name": "pre_land_sfdc_organization",
          "type": "SQL",
          "database_type": "Microsoft SQL Server",
          "db_name": "CDM_SQL_PRE_LANDING_SRC",
          "owner_name": "",
          "field_count": 68,
          "confidence": "high",
          "fields": [
            {
              "name": "Id",
              "datatype": "nvarchar",
              "precision": 18,
              "scale": 0,
              "nullable": true,
              "key_type": "NOT A KEY"
            },
            {
              "name": "ParentId",
              "datatype": "nvarchar",
              "precision": 18,
              "scale": 0,
              "nullable": true,
              "key_type": "NOT A KEY"
            },
            {
              "name": "Tier__c",
              "datatype": "nvarchar",
              "precision": 255,
              "scale": 0,
              "nullable": true,
              "key_type": "NOT A KEY"
            },
            {
              "name": "Status__c",
              "datatype": "nvarchar",
              "precision": 255,
              "scale": 0,
              "nullable": true,
              "key_type": "NOT A KEY"
            },
            {
              "name": "RecordTypeName",
              "datatype": "nvarchar",
              "precision": 80,
              "scale": 0,
              "nullable": true,
              "key_type": "NOT A KEY"
            },
            {
              "name": "CRD__c",
              "datatype": "nvarchar",
              "precision": 15,
              "scale": 0,
              "nullable": true,
              "key_type": "NOT A KEY"
            },
            {
              "name": "Registration_Type__c",
              "datatype": "nvarchar",
              "precision": 4000,
              "scale": 0,
              "nullable": true,
              "key_type": "NOT A KEY"
            },
            {
              "name": "Primary_CG_Org_Owner__c",
              "datatype": "nvarchar",
              "precision": 18,
              "scale": 0,
              "nullable": true,
              "key_type": "NOT A KEY"
            },
            {
              "name": "Primary_CG_Org_Owner__r_alias",
              "datatype": "nvarchar",
              "precision": 8,
              "scale": 0,
              "nullable": true,
              "key_type": "NOT A KEY"
            },
            {
              "name": "Primary_CG_Org_Owner__r_Associate_ID__c",
              "datatype": "nvarchar",
              "precision": 15,
              "scale": 0,
              "nullable": true,
              "key_type": "NOT A KEY"
            },
            {
              "name": "Primary_Channel__c",
              "datatype": "nvarchar",
              "precision": 255,
              "scale": 0,
              "nullable": true,
              "key_type": "NOT A KEY"
            },
            {
              "name": "Type",
              "datatype": "nvarchar",
              "precision": 40,
              "scale": 0,
              "nullable": true,
              "key_type": "NOT A KEY"
            },
            {
              "name": "Organization_Direct__c",
              "datatype": "nvarchar",
              "precision": 15,
              "scale": 0,
              "nullable": true,
              "key_type": "NOT A KEY"
            },
            {
              "name": "Name",
              "datatype": "nvarchar",
              "precision": 255,
              "scale": 0,
              "nullable": true,
              "key_type": "NOT A KEY"
            },
            {
              "name": "Marketing_Email_Restriction__c",
              "datatype": "nvarchar",
              "precision": 255,
              "scale": 0,
              "nullable": true,
              "key_type": "NOT A KEY"
            },
            {
              "name": "Organization_ID__c",
              "datatype": "nvarchar",
              "precision": 15,
              "scale": 0,
              "nullable": true,
              "key_type": "NOT A KEY"
            },
            {
              "name": "BillingStreet",
              "datatype": "nvarchar",
              "precision": 255,
              "scale": 0,
              "nullable": true,
              "key_type": "NOT A KEY"
            },
            {
              "name": "BillingCity",
              "datatype": "nvarchar",
              "precision": 40,
              "scale": 0,
              "nullable": true,
              "key_type": "NOT A KEY"
            },
            {
              "name": "BillingState",
              "datatype": "nvarchar",
              "precision": 80,
              "scale": 0,
              "nullable": true,
              "key_type": "NOT A KEY"
            },
            {
              "name": "BillingPostalCode",
              "datatype": "nvarchar",
              "precision": 20,
              "scale": 0,
              "nullable": true,
              "key_type": "NOT A KEY"
            },
            {
              "name": "BillingCountry",
              "datatype": "nvarchar",
              "precision": 80,
              "scale": 0,
              "nullable": true,
              "key_type": "NOT A KEY"
            },
            {
              "name": "IsDeleted",
              "datatype": "nvarchar",
              "precision": 5,
              "scale": 0,
              "nullable": true,
              "key_type": "NOT A KEY"
            },
            {
              "name": "CreatedByAlias",
              "datatype": "nvarchar",
              "precision": 8,
              "scale": 0,
              "nullable": true,
              "key_type": "NOT A KEY"
            },
            {
              "name": "CreatedDate",
              "datatype": "nvarchar",
              "precision": 29,
              "scale": 0,
              "nullable": true,
              "key_type": "NOT A KEY"
            },
            {
              "name": "LastModifiedByAlias",
              "datatype": "nvarchar",
              "precision": 8,
              "scale": 0,
              "nullable": true,
              "key_type": "NOT A KEY"
            },
            {
              "name": "LastModifiedDate",
              "datatype": "nvarchar",
              "precision": 29,
              "scale": 0,
              "nullable": true,
              "key_type": "NOT A KEY"
            },
            {
              "name": "GU_ID__c",
              "datatype": "nvarchar",
              "precision": 18,
              "scale": 0,
              "nullable": true,
              "key_type": "NOT A KEY"
            },
            {
              "name": "Source_System_Name",
              "datatype": "nvarchar",
              "precision": 18,
              "scale": 0,
              "nullable": true,
              "key_type": "NOT A KEY"
            },
            {
              "name": "Primary_Address_Type__c",
              "datatype": "nvarchar",
              "precision": 255,
              "scale": 0,
              "nullable": true,
              "key_type": "NOT A KEY"
            },
            {
              "name": "Secondary_Address_Type__c",
              "datatype": "nvarchar",
              "precision": 255,
              "scale": 0,
              "nullable": true,
              "key_type": "NOT A KEY"
            },
            {
              "name": "Location_Type__c",
              "datatype": "nvarchar",
              "precision": 255,
              "scale": 0,
              "nullable": true,
              "key_type": "NOT A KEY"
            },
            {
              "name": "Legal_Name__c",
              "datatype": "nvarchar",
              "precision": 255,
              "scale": 0,
              "nullable": true,
              "key_type": "NOT A KEY"
            },
            {
              "name": "SEC__c",
              "datatype": "nvarchar",
              "precision": 25,
              "scale": 0,
              "nullable": true,
              "key_type": "NOT A KEY"
            },
            {
              "name": "ShippingStreet",
              "datatype": "nvarchar",
              "precision": 255,
              "scale": 0,
              "nullable": true,
              "key_type": "NOT A KEY"
            },
            {
              "name": "ShippingCity",
              "datatype": "nvarchar",
              "precision": 40,
              "scale": 0,
              "nullable": true,
              "key_type": "NOT A KEY"
            },
            {
              "name": "ShippingState",
              "datatype": "nvarchar",
              "precision": 80,
              "scale": 0,
              "nullable": true,
              "key_type": "NOT A KEY"
            },
            {
              "name": "ShippingPostalCode",
              "datatype": "nvarchar",
              "precision": 20,
              "scale": 0,
              "nullable": true,
              "key_type": "NOT A KEY"
            },
            {
              "name": "ShippingCountry",
              "datatype": "nvarchar",
              "precision": 80,
              "scale": 0,
              "nullable": true,
              "key_type": "NOT A KEY"
            },
            {
              "name": "Corporate_Structure__c",
              "datatype": "nvarchar",
              "precision": 255,
              "scale": 0,
              "nullable": true,
              "key_type": "NOT A KEY"
            },
            {
              "name": "Inactivated_Date__c",
              "datatype": "nvarchar",
              "precision": 29,
              "scale": 0,
              "nullable": true,
              "key_type": "NOT A KEY"
            },
            {
              "name": "Org_Tax_ID_Number__c",
              "datatype": "nvarchar",
              "precision": 50,
              "scale": 0,
              "nullable": true,
              "key_type": "NOT A KEY"
            },
            {
              "name": "Phone",
              "datatype": "nvarchar",
              "precision": 40,
              "scale": 0,
              "nullable": true,
              "key_type": "NOT A KEY"
            },
            {
              "name": "Fax",
              "datatype": "nvarchar",
              "precision": 40,
              "scale": 0,
              "nullable": true,
              "key_type": "NOT A KEY"
            },
            {
              "name": "Website",
              "datatype": "nvarchar",
              "precision": 255,
              "scale": 0,
              "nullable": true,
              "key_type": "NOT A KEY"
            },
            {
              "name": "Advisory_Other_Reason_Code_Details__c",
              "datatype": "nvarchar",
              "precision": 255,
              "scale": 0,
              "nullable": true,
              "key_type": "NOT A KEY"
            },
            {
              "name": "Advisory_Reason_Code__c",
              "datatype": "nvarchar",
              "precision": 255,
              "scale": 0,
              "nullable": true,
              "key_type": "NOT A KEY"
            },
            {
              "name": "Advisory_Reason_Code_Clarification__c",
              "datatype": "nvarchar",
              "precision": 255,
              "scale": 0,
              "nullable": true,
              "key_type": "NOT A KEY"
            },
            {
              "name": "Advisory_Segmentation__c",
              "datatype": "nvarchar",
              "precision": 255,
              "scale": 0,
              "nullable": true,
              "key_type": "NOT A KEY"
            },
            {
              "name": "Segmentation__c",
              "datatype": "nvarchar",
              "precision": 255,
              "scale": 0,
              "nullable": true,
              "key_type": "NOT A KEY"
            },
            {
              "name": "channel__c",
              "datatype": "nvarchar",
              "precision": 255,
              "scale": 0,
              "nullable": true,
              "key_type": "NOT A KEY"
            },
            {
              "name": "W_9__c",
              "datatype": "nvarchar",
              "precision": 255,
              "scale": 0,
              "nullable": true,
              "key_type": "NOT A KEY"
            },
            {
              "name": "Segment__c",
              "datatype": "nvarchar",
              "precision": 255,
              "scale": 0,
              "nullable": true,
              "key_type": "NOT A KEY"
            },
            {
              "name": "Restrict_Mail__c",
              "datatype": "nvarchar",
              "precision": 5,
              "scale": 0,
              "nullable": true,
              "key_type": "NOT A KEY"
            },
            {
              "name": "Roles__c",
              "datatype": "nvarchar",
              "precision": 255,
              "scale": 0,
              "nullable": true,
              "key_type": "NOT A KEY"
            },
            {
              "name": "Email_address__c",
              "datatype": "nvarchar",
              "precision": 255,
              "scale": 0,
              "nullable": true,
              "key_type": "NOT A KEY"
            },
            {
              "name": "Entitiy_Name_DORIS_SOFI__c",
              "datatype": "nvarchar",
              "precision": 255,
              "scale": 0,
              "nullable": true,
              "key_type": "NOT A KEY"
            },
            {
              "name": "Role_Stage__c",
              "datatype": "varchar",
              "precision": 255,
              "scale": 0,
              "nullable": true,
              "key_type": "NOT A KEY"
            },
            {
              "name": "Client_RM_CRA__c",
              "datatype": "varchar",
              "precision": 255,
              "scale": 0,
              "nullable": true,
              "key_type": "NOT A KEY"
            },
            {
              "name": "Service_Tier__c",
              "datatype": "varchar",
              "precision": 255,
              "scale": 0,
              "nullable": true,
              "key_type": "NOT A KEY"
            },
            {
              "name": "RM_Institutional__c",
              "datatype": "varchar",
              "precision": 255,
              "scale": 0,
              "nullable": true,
              "key_type": "NOT A KEY"
            },
            {
              "name": "Covered_Plan_Sponsor__c",
              "datatype": "nvarchar",
              "precision": 5,
              "scale": 0,
              "nullable": true,
              "key_type": "NOT A KEY"
            },
            {
              "name": "external_id_c",
              "datatype": "nvarchar",
              "precision": 255,
              "scale": 0,
              "nullable": true,
              "key_type": "NOT A KEY"
            },
            {
              "name": "Aggregator__c",
              "datatype": "nvarchar",
              "precision": 255,
              "scale": 0,
              "nullable": true,
              "key_type": "NOT A KEY"
            },
            {
              "name": "Sector__c",
              "datatype": "nvarchar",
              "precision": 255,
              "scale": 0,
              "nullable": true,
              "key_type": "NOT A KEY"
            },
            {
              "name": "Definer__c",
              "datatype": "nvarchar",
              "precision": 255,
              "scale": 0,
              "nullable": true,
              "key_type": "NOT A KEY"
            },
            {
              "name": "Reserverd_3",
              "datatype": "nvarchar",
              "precision": 18,
              "scale": 0,
              "nullable": true,
              "key_type": "NOT A KEY"
            },
            {
              "name": "Reserverd_4",
              "datatype": "nvarchar",
              "precision": 18,
              "scale": 0,
              "nullable": true,
              "key_type": "NOT A KEY"
            },
            {
              "name": "Reserverd_5",
              "datatype": "nvarchar",
              "precision": 18,
              "scale": 0,
              "nullable": true,
              "key_type": "NOT A KEY"
            }
          ],
          "needs_connection": true
        }
      ],
      "targets": [
        {
          "name": "today_party_role_xform",
          "type": "SQL",
          "database_type": "Microsoft SQL Server",
          "db_name": "",
          "owner_name": "",
          "field_count": 25,
          "needs_destination": true,
          "pyspark_write": "df.write.jdbc(url, 'today_party_role_xform', properties)",
          "fields": [
            {
              "name": "src_rowid",
              "datatype": "bigint",
              "precision": 19,
              "scale": 0,
              "nullable": false,
              "key_type": "NOT A KEY"
            },
            {
              "name": "inactivation_reason_id",
              "datatype": "bigint",
              "precision": 19,
              "scale": 0,
              "nullable": true,
              "key_type": "NOT A KEY"
            },
            {
              "name": "status_id",
              "datatype": "bigint",
              "precision": 19,
              "scale": 0,
              "nullable": true,
              "key_type": "NOT A KEY"
            },
            {
              "name": "primary_indicator",
              "datatype": "nchar",
              "precision": 1,
              "scale": 0,
              "nullable": true,
              "key_type": "NOT A KEY"
            },
            {
              "name": "source_party_role_id",
              "datatype": "nvarchar",
              "precision": 255,
              "scale": 0,
              "nullable": true,
              "key_type": "NOT A KEY"
            },
            {
              "name": "role_type_id",
              "datatype": "bigint",
              "precision": 19,
              "scale": 0,
              "nullable": true,
              "key_type": "NOT A KEY"
            },
            {
              "name": "last_updated_date",
              "datatype": "nvarchar",
              "precision": 23,
              "scale": 0,
              "nullable": true,
              "key_type": "NOT A KEY"
            },
            {
              "name": "source_party_id",
              "datatype": "nvarchar",
              "precision": 255,
              "scale": 0,
              "nullable": true,
              "key_type": "NOT A KEY"
            },
            {
              "name": "source_system",
              "datatype": "nvarchar",
              "precision": 250,
              "scale": 0,
              "nullable": true,
              "key_type": "NOT A KEY"
            },
            {
              "name": "created_by",
              "datatype": "nvarchar",
              "precision": 50,
              "scale": 0,
              "nullable": true,
              "key_type": "NOT A KEY"
            },
            {
              "name": "created_date",
              "datatype": "nvarchar",
              "precision": 23,
              "scale": 0,
              "nullable": true,
              "key_type": "NOT A KEY"
            },
            {
              "name": "inactivation_date",
              "datatype": "nvarchar",
              "precision": 23,
              "scale": 0,
              "nullable": true,
              "key_type": "NOT A KEY"
            },
            {
              "name": "deleted_indicator",
              "datatype": "nchar",
              "precision": 1,
              "scale": 0,
              "nullable": true,
              "key_type": "NOT A KEY"
            },
            {
              "name": "last_updated_by",
              "datatype": "nvarchar",
              "precision": 50,
              "scale": 0,
              "nullable": true,
              "key_type": "NOT A KEY"
            },
            {
              "name": "sub_role_type_id",
              "datatype": "bigint",
              "precision": 19,
              "scale": 0,
              "nullable": true,
              "key_type": "NOT A KEY"
            },
            {
              "name": "parent_source_system",
              "datatype": "nvarchar",
              "precision": 50,
              "scale": 0,
              "nullable": true,
              "key_type": "NOT A KEY"
            },
            {
              "name": "org_intermediary_number",
              "datatype": "numeric",
              "precision": 15,
              "scale": 0,
              "nullable": true,
              "key_type": "NOT A KEY"
            },
            {
              "name": "org_sga_status_id",
              "datatype": "bigint",
              "precision": 19,
              "scale": 0,
              "nullable": true,
              "key_type": "NOT A KEY"
            },
            {
              "name": "dually_registered_ind",
              "datatype": "nchar",
              "precision": 1,
              "scale": 0,
              "nullable": true,
              "key_type": "NOT A KEY"
            },
            {
              "name": "org_w9_form_on_file_ind",
              "datatype": "nchar",
              "precision": 1,
              "scale": 0,
              "nullable": true,
              "key_type": "NOT A KEY"
            },
            {
              "name": "prsn_primary_rep_id",
              "datatype": "nvarchar",
              "precision": 9,
              "scale": 0,
              "nullable": true,
              "key_type": "NOT A KEY"
            },
            {
              "name": "mapping_name",
              "datatype": "nvarchar",
              "precision": 80,
              "scale": 0,
              "nullable": true,
              "key_type": "NOT A KEY"
            },
            {
              "name": "org_tpa_soltn_idfct_num",
              "datatype": "nvarchar",
              "precision": 32,
              "scale": 0,
              "nullable": true,
              "key_type": "NOT A KEY"
            },
            {
              "name": "GRP_PRIMARY_REP_ID",
              "datatype": "varchar",
              "precision": 9,
              "scale": 0,
              "nullable": true,
              "key_type": "NOT A KEY"
            },
            {
              "name": "DEFERRED_OWNERSHIP_IND",
              "datatype": "nchar",
              "precision": 1,
              "scale": 0,
              "nullable": true,
              "key_type": "NOT A KEY"
            }
          ]
        }
      ],
      "transform_summary": {
        "source_qualifiers": 2,
        "expressions": 3,
        "filters": 3,
        "joiners": 1,
        "lookups": 1,
        "stored_procedures": 1,
        "update_strategies": 0,
        "aggregators": 0,
        "sorters": 2,
        "routers": 0,
        "unions": 0,
        "others": 0
      },
      "transformations": [
        {
          "name": "FIL_Null_Role_Type_id",
          "type": "Filter",
          "description": "",
          "field_count": 16,
          "pyspark_equivalent": "df.filter() / df.where()",
          "fields": [
            {
              "name": "Role_End_Date__out",
              "datatype": "date/time",
              "precision": 29,
              "scale": 9,
              "expression": null,
              "port_type": "INPUT/OUTPUT"
            },
            {
              "name": "PRIMARY_INDICATOR",
              "datatype": "string",
              "precision": 1,
              "scale": 0,
              "expression": null,
              "port_type": "INPUT/OUTPUT"
            },
            {
              "name": "Inactive_Reason_Id_out",
              "datatype": "bigint",
              "precision": 19,
              "scale": 0,
              "expression": null,
              "port_type": "INPUT/OUTPUT"
            },
            {
              "name": "Role_Status_Id_out",
              "datatype": "bigint",
              "precision": 19,
              "scale": 0,
              "expression": null,
              "port_type": "INPUT/OUTPUT"
            },
            {
              "name": "Role_Type_Id_out",
              "datatype": "bigint",
              "precision": 19,
              "scale": 0,
              "expression": null,
              "port_type": "INPUT/OUTPUT"
            },
            {
              "name": "Id_Out",
              "datatype": "string",
              "precision": 50,
              "scale": 0,
              "expression": null,
              "port_type": "INPUT/OUTPUT"
            },
            {
              "name": "LastModifiedDate",
              "datatype": "string",
              "precision": 29,
              "scale": 0,
              "expression": null,
              "port_type": "INPUT/OUTPUT"
            },
            {
              "name": "Source_System_Name",
              "datatype": "string",
              "precision": 250,
              "scale": 0,
              "expression": null,
              "port_type": "INPUT/OUTPUT"
            },
            {
              "name": "CreatedByAlias",
              "datatype": "string",
              "precision": 50,
              "scale": 0,
              "expression": null,
              "port_type": "INPUT/OUTPUT"
            },
            {
              "name": "CreatedDate",
              "datatype": "string",
              "precision": 29,
              "scale": 0,
              "expression": null,
              "port_type": "INPUT/OUTPUT"
            },
            {
              "name": "LastModifiedByAlias",
              "datatype": "string",
              "precision": 50,
              "scale": 0,
              "expression": null,
              "port_type": "INPUT/OUTPUT"
            },
            {
              "name": "SOURCE_PARTY_ROLE_ID",
              "datatype": "nstring",
              "precision": 255,
              "scale": 0,
              "expression": null,
              "port_type": "INPUT/OUTPUT"
            },
            {
              "name": "PARENT_SOURCE_SYSTEM",
              "datatype": "string",
              "precision": 50,
              "scale": 0,
              "expression": null,
              "port_type": "INPUT/OUTPUT"
            },
            {
              "name": "ORG_INTERMEDIARY_NUMBER",
              "datatype": "nstring",
              "precision": 15,
              "scale": 0,
              "expression": null,
              "port_type": "INPUT/OUTPUT"
            },
            {
              "name": "MAPPING_NAME",
              "datatype": "string",
              "precision": 80,
              "scale": 0,
              "expression": null,
              "port_type": "INPUT/OUTPUT"
            },
            {
              "name": "DEFERRED_OWNERSHIP_IND",
              "datatype": "string",
              "precision": 1,
              "scale": 0,
              "expression": null,
              "port_type": "INPUT/OUTPUT"
            }
          ],
          "attributes": {}
        },
        {
          "name": "srtr_data_prep",
          "type": "Sorter",
          "description": "",
          "field_count": 9,
          "pyspark_equivalent": "df.orderBy() / df.sort()",
          "fields": [
            {
              "name": "Id",
              "datatype": "string",
              "precision": 18,
              "scale": 0,
              "expression": null,
              "port_type": "INPUT/OUTPUT"
            },
            {
              "name": "CreatedByAlias",
              "datatype": "string",
              "precision": 8,
              "scale": 0,
              "expression": null,
              "port_type": "INPUT/OUTPUT"
            },
            {
              "name": "CreatedDate",
              "datatype": "string",
              "precision": 29,
              "scale": 0,
              "expression": null,
              "port_type": "INPUT/OUTPUT"
            },
            {
              "name": "LastModifiedByAlias",
              "datatype": "string",
              "precision": 8,
              "scale": 0,
              "expression": null,
              "port_type": "INPUT/OUTPUT"
            },
            {
              "name": "LastModifiedDate",
              "datatype": "string",
              "precision": 29,
              "scale": 0,
              "expression": null,
              "port_type": "INPUT/OUTPUT"
            },
            {
              "name": "Source_System_Name",
              "datatype": "string",
              "precision": 18,
              "scale": 0,
              "expression": null,
              "port_type": "INPUT/OUTPUT"
            },
            {
              "name": "Organization_ID__c",
              "datatype": "string",
              "precision": 15,
              "scale": 0,
              "expression": null,
              "port_type": "INPUT/OUTPUT"
            },
            {
              "name": "RecordTypeName",
              "datatype": "string",
              "precision": 80,
              "scale": 0,
              "expression": null,
              "port_type": "INPUT/OUTPUT"
            },
            {
              "name": "org_role_type",
              "datatype": "nstring",
              "precision": 255,
              "scale": 0,
              "expression": null,
              "port_type": "INPUT/OUTPUT"
            }
          ],
          "attributes": {}
        },
        {
          "name": "jnr_org",
          "type": "Joiner",
          "description": "",
          "field_count": 17,
          "pyspark_equivalent": "df.join()",
          "fields": [
            {
              "name": "Role_Start_Date__c",
              "datatype": "string",
              "precision": 29,
              "scale": 0,
              "expression": null,
              "port_type": "INPUT/OUTPUT"
            },
            {
              "name": "Role_End_Date__c",
              "datatype": "string",
              "precision": 29,
              "scale": 0,
              "expression": null,
              "port_type": "INPUT/OUTPUT"
            },
            {
              "name": "Primary_Role__c",
              "datatype": "string",
              "precision": 5,
              "scale": 0,
              "expression": null,
              "port_type": "INPUT/OUTPUT"
            },
            {
              "name": "Role_Inactivation_Reason__c",
              "datatype": "string",
              "precision": 255,
              "scale": 0,
              "expression": null,
              "port_type": "INPUT/OUTPUT"
            },
            {
              "name": "Role_Status__c",
              "datatype": "string",
              "precision": 255,
              "scale": 0,
              "expression": null,
              "port_type": "INPUT/OUTPUT"
            },
            {
              "name": "Role__c",
              "datatype": "string",
              "precision": 255,
              "scale": 0,
              "expression": null,
              "port_type": "INPUT/OUTPUT"
            },
            {
              "name": "Account_Name__c",
              "datatype": "string",
              "precision": 18,
              "scale": 0,
              "expression": null,
              "port_type": "INPUT/OUTPUT"
            },
            {
              "name": "Id1",
              "datatype": "string",
              "precision": 18,
              "scale": 0,
              "expression": null,
              "port_type": "INPUT/OUTPUT"
            },
            {
              "name": "Id",
              "datatype": "string",
              "precision": 18,
              "scale": 0,
              "expression": null,
              "port_type": "INPUT/OUTPUT/MASTER"
            },
            {
              "name": "LastModifiedDate",
              "datatype": "string",
              "precision": 29,
              "scale": 0,
              "expression": null,
              "port_type": "INPUT/OUTPUT/MASTER"
            },
            {
              "name": "CreatedByAlias",
              "datatype": "string",
              "precision": 8,
              "scale": 0,
              "expression": null,
              "port_type": "INPUT/OUTPUT/MASTER"
            },
            {
              "name": "CreatedDate",
              "datatype": "string",
              "precision": 29,
              "scale": 0,
              "expression": null,
              "port_type": "INPUT/OUTPUT/MASTER"
            },
            {
              "name": "LastModifiedByAlias",
              "datatype": "string",
              "precision": 8,
              "scale": 0,
              "expression": null,
              "port_type": "INPUT/OUTPUT/MASTER"
            },
            {
              "name": "Source_System_Name",
              "datatype": "string",
              "precision": 18,
              "scale": 0,
              "expression": null,
              "port_type": "INPUT/OUTPUT/MASTER"
            },
            {
              "name": "Organization_ID__c",
              "datatype": "string",
              "precision": 15,
              "scale": 0,
              "expression": null,
              "port_type": "INPUT/OUTPUT/MASTER"
            },
            {
              "name": "RecordTypeName",
              "datatype": "string",
              "precision": 80,
              "scale": 0,
              "expression": null,
              "port_type": "INPUT/OUTPUT/MASTER"
            },
            {
              "name": "org_role_type",
              "datatype": "nstring",
              "precision": 255,
              "scale": 0,
              "expression": null,
              "port_type": "INPUT/OUTPUT/MASTER"
            }
          ],
          "attributes": {}
        },
        {
          "name": "exp_lookup_values",
          "type": "Expression",
          "description": "",
          "field_count": 37,
          "pyspark_equivalent": "df.withColumn() / df.select()",
          "fields": [
            {
              "name": "Role_Start_Date__c",
              "datatype": "string",
              "precision": 29,
              "scale": 0,
              "expression": "Role_Start_Date__c",
              "port_type": "INPUT/OUTPUT"
            },
            {
              "name": "Role_End_Date__c",
              "datatype": "string",
              "precision": 29,
              "scale": 0,
              "expression": null,
              "port_type": "INPUT"
            },
            {
              "name": "Role_End_Date__var",
              "datatype": "date/time",
              "precision": 29,
              "scale": 9,
              "expression": "iif(isnull(Role_End_Date__c),NULL,to_date(Role_End_Date__c))",
              "port_type": "LOCAL VARIABLE"
            },
            {
              "name": "Role_End_Date__out",
              "datatype": "date/time",
              "precision": 29,
              "scale": 9,
              "expression": "Role_End_Date__var",
              "port_type": "OUTPUT"
            },
            {
              "name": "Primary_Role__c",
              "datatype": "string",
              "precision": 5,
              "scale": 0,
              "expression": null,
              "port_type": "INPUT"
            },
            {
              "name": "PRIMARY_INDICATOR",
              "datatype": "string",
              "precision": 1,
              "scale": 0,
              "expression": "'N'",
              "port_type": "OUTPUT"
            },
            {
              "name": "Role_Inactivation_Reason__c",
              "datatype": "string",
              "precision": 255,
              "scale": 0,
              "expression": null,
              "port_type": "INPUT"
            },
            {
              "name": "Inactive_Reason_Type_var",
              "datatype": "integer",
              "precision": 10,
              "scale": 0,
              "expression": ":LKP.lkp_values(ltrim(rtrim(Role_Inactivation_Reason__c)),'INACTIVATION_REASON_ID')",
              "port_type": "LOCAL VARIABLE"
            },
            {
              "name": "Inactive_Reason_Type_var2",
              "datatype": "bigint",
              "precision": 19,
              "scale": 0,
              "expression": "iif(isnull(Role_Inactivation_Reason__c),NULL,iif(isnull(Inactive_Reason_Type_var),9999,Inactive_Reason_Type_var))",
              "port_type": "LOCAL VARIABLE"
            },
            {
              "name": "Inactive_Reason_Id_out",
              "datatype": "bigint",
              "precision": 19,
              "scale": 0,
              "expression": "Inactive_Reason_Type_var2",
              "port_type": "OUTPUT"
            },
            {
              "name": "Role_Status__c",
              "datatype": "string",
              "precision": 255,
              "scale": 0,
              "expression": null,
              "port_type": "INPUT"
            },
            {
              "name": "Role_Status_Id_var",
              "datatype": "integer",
              "precision": 10,
              "scale": 0,
              "expression": "IIF\r\n(ISNULL(org_role_type),\r\n:LKP.lkp_values(ltrim(rtrim(Role_Status__c)),'PARTY_ROLE_STATUS_ID')\r\n,:LKP.lkp_values(ltrim(rtrim('Active')),'PARTY_ROLE_STATUS_ID')\r\n)",
              "port_type": "LOCAL VARIABLE"
            },
            {
              "name": "Role_Status_Id_var2",
              "datatype": "bigint",
              "precision": 19,
              "scale": 0,
              "expression": "iif(isnull(Role_Status__c),NULL,iif(isnull(Role_Status_Id_var),9999,Role_Status_Id_var))",
              "port_type": "LOCAL VARIABLE"
            },
            {
              "name": "Role_Status_Id_out",
              "datatype": "bigint",
              "precision": 19,
              "scale": 0,
              "expression": "Role_Status_Id_var2",
              "port_type": "OUTPUT"
            },
            {
              "name": "Role__c",
              "datatype": "string",
              "precision": 255,
              "scale": 0,
              "expression": null,
              "port_type": "INPUT"
            },
            {
              "name": "Role_Type_Id_var",
              "datatype": "integer",
              "precision": 10,
              "scale": 0,
              "expression": "DECODE(TRUE,\r\n\r\norg_role_type='AFS Licensee Firm' , :LKP.lkp_values ('AFS Licensee Firm','PARTY_ROLE_TYPE_ID'),\r\norg_role_type='Corporate Authorized Representative Firm',:LKP.lkp_values('Corporate Authorized Representative Firm','PARTY_ROLE_TYPE_ID'),\r\nISNULL (org_role_type),:LKP.lkp_values(ltrim(rtrim(Role__c)),'PARTY_ROLE_TYPE_ID')\r\n)\r\n\r\n\r\n\r\n\r\n\r\n\r\n\r\n\r\n\r\n\r\n\r\n\r\n",
              "port_type": "LOCAL VARIABLE"
            },
            {
              "name": "RecordTypeName",
              "datatype": "string",
              "precision": 80,
              "scale": 0,
              "expression": null,
              "port_type": "INPUT"
            },
            {
              "name": "Organization_ID__c",
              "datatype": "string",
              "precision": 15,
              "scale": 0,
              "expression": null,
              "port_type": "INPUT"
            },
            {
              "name": "Role_Type_Id_var2",
              "datatype": "bigint",
              "precision": 19,
              "scale": 0,
              "expression": "iif(isnull(Role__c),NULL,iif(isnull(Role_Type_Id_var),9999,Role_Type_Id_var))",
              "port_type": "LOCAL VARIABLE"
            },
            {
              "name": "Role_Type_Id_out",
              "datatype": "bigint",
              "precision": 19,
              "scale": 0,
              "expression": "Role_Type_Id_var2",
              "port_type": "OUTPUT"
            },
            {
              "name": "Source_System",
              "datatype": "string",
              "precision": 18,
              "scale": 0,
              "expression": "'SFDC'",
              "port_type": "OUTPUT"
            },
            {
              "name": "Id",
              "datatype": "string",
              "precision": 18,
              "scale": 0,
              "expression": null,
              "port_type": "INPUT"
            },
            {
              "name": "Id_Out",
              "datatype": "string",
              "precision": 50,
              "scale": 0,
              "expression": "'ORG_'||Id",
              "port_type": "OUTPUT"
            },
            {
              "name": "LastModifiedDate",
              "datatype": "string",
              "precision": 29,
              "scale": 0,
              "expression": "LastModifiedDate",
              "port_type": "INPUT/OUTPUT"
            },
            {
              "name": "Source_System_Name",
              "datatype": "string",
              "precision": 250,
              "scale": 0,
              "expression": "Source_System_Name",
              "port_type": "INPUT/OUTPUT"
            },
            {
              "name": "CreatedByAlias",
              "datatype": "string",
              "precision": 50,
              "scale": 0,
              "expression": "CreatedByAlias",
              "port_type": "INPUT/OUTPUT"
            },
            {
              "name": "CreatedDate",
              "datatype": "string",
              "precision": 29,
              "scale": 0,
              "expression": "CreatedDate",
              "port_type": "INPUT/OUTPUT"
            },
            {
              "name": "LastModifiedByAlias",
              "datatype": "string",
              "precision": 50,
              "scale": 0,
              "expression": "LastModifiedByAlias",
              "port_type": "INPUT/OUTPUT"
            },
            {
              "name": "OrgOfficeRoleId",
              "datatype": "string",
              "precision": 18,
              "scale": 0,
              "expression": "OrgOfficeRoleId",
              "port_type": "INPUT/OUTPUT"
            },
            {
              "name": "SOURCE_PARTY_ROLE_ID",
              "datatype": "nstring",
              "precision": 255,
              "scale": 0,
              "expression": "IIF( ISNULL(org_role_type), Id||Role__c , Id||org_role_type)",
              "port_type": "OUTPUT"
            },
            {
              "name": "PARENT_SOURCE_SYSTEM",
              "datatype": "string",
              "precision": 50,
              "scale": 0,
              "expression": "'SFDC'",
              "port_type": "OUTPUT"
            },
            {
              "name": "ORG_INTERMEDIARY_NUMBER",
              "datatype": "nstring",
              "precision": 15,
              "scale": 0,
              "expression": "DECODE(TRUE\r\n,RecordTypeName='Insurance Organization',Organization_ID__c\r\n,NULL)",
              "port_type": "OUTPUT"
            },
            {
              "name": "MAPPING_NAME",
              "datatype": "string",
              "precision": 80,
              "scale": 0,
              "expression": "$PMMappingName",
              "port_type": "OUTPUT"
            },
            {
              "name": "created_date",
              "datatype": "nstring",
              "precision": 500,
              "scale": 0,
              "expression": null,
              "port_type": "INPUT"
            },
            {
              "name": "V_CHK_ROLE_TYPE_ID",
              "datatype": "string",
              "precision": 2000,
              "scale": 0,
              "expression": "IIF (Role_Type_Id_var2 = 9999 ,:SP.SP_LKP_LOAD_TOTAL_ERROR_INFO(Role__c,'ORG_'||Id,Id||Role__c, 'ROLE_TYPE_ID',created_date,Source_System_Name, 'wf_landing_sfdc_to_cdm_organization_party_role','9999 Rejected record', 'wf_landing_sfdc_to_cdm_organization_party_role'),NULL)",
              "port_type": "LOCAL VARIABLE"
            },
            {
              "name": "DEFERRED_OWNERSHIP_IND",
              "datatype": "string",
              "precision": 1,
              "scale": 0,
              "expression": "IIF(IN(RecordTypeName,'Retail Org RO','CIAM Org RO','NT Advisory Org RO','Financial Intermediary'), 'Y','N')",
              "port_type": "OUTPUT"
            },
            {
              "name": "org_role_type",
              "datatype": "nstring",
              "precision": 255,
              "scale": 0,
              "expression": "org_role_type",
              "port_type": "INPUT/OUTPUT"
            }
          ],
          "attributes": {}
        },
        {
          "name": "flt_org_role",
          "type": "Filter",
          "description": "",
          "field_count": 8,
          "pyspark_equivalent": "df.filter() / df.where()",
          "fields": [
            {
              "name": "Role_Start_Date__c",
              "datatype": "string",
              "precision": 29,
              "scale": 0,
              "expression": null,
              "port_type": "INPUT/OUTPUT"
            },
            {
              "name": "Role_End_Date__c",
              "datatype": "string",
              "precision": 29,
              "scale": 0,
              "expression": null,
              "port_type": "INPUT/OUTPUT"
            },
            {
              "name": "Primary_Role__c",
              "datatype": "string",
              "precision": 5,
              "scale": 0,
              "expression": null,
              "port_type": "INPUT/OUTPUT"
            },
            {
              "name": "Role_Inactivation_Reason__c",
              "datatype": "string",
              "precision": 255,
              "scale": 0,
              "expression": null,
              "port_type": "INPUT/OUTPUT"
            },
            {
              "name": "Role_Status__c",
              "datatype": "string",
              "precision": 255,
              "scale": 0,
              "expression": null,
              "port_type": "INPUT/OUTPUT"
            },
            {
              "name": "Role__c",
              "datatype": "string",
              "precision": 255,
              "scale": 0,
              "expression": null,
              "port_type": "INPUT/OUTPUT"
            },
            {
              "name": "Account_Name__c",
              "datatype": "string",
              "precision": 18,
              "scale": 0,
              "expression": null,
              "port_type": "INPUT/OUTPUT"
            },
            {
              "name": "Id",
              "datatype": "string",
              "precision": 18,
              "scale": 0,
              "expression": null,
              "port_type": "INPUT/OUTPUT"
            }
          ],
          "attributes": {}
        },
        {
          "name": "SP_LKP_LOAD_TOTAL_ERROR_INFO",
          "type": "Stored Procedure",
          "description": "",
          "field_count": 9,
          "pyspark_equivalent": "spark.sql() / Custom UDF",
          "fields": [
            {
              "name": "src_val",
              "datatype": "string",
              "precision": 500,
              "scale": 0,
              "expression": null,
              "port_type": "INPUT"
            },
            {
              "name": "src_party_id",
              "datatype": "nstring",
              "precision": 250,
              "scale": 0,
              "expression": null,
              "port_type": "INPUT"
            },
            {
              "name": "src_spec_xfrm_id",
              "datatype": "nstring",
              "precision": 250,
              "scale": 0,
              "expression": null,
              "port_type": "INPUT"
            },
            {
              "name": "attrib_nm",
              "datatype": "nstring",
              "precision": 100,
              "scale": 0,
              "expression": null,
              "port_type": "INPUT"
            },
            {
              "name": "created_date",
              "datatype": "nstring",
              "precision": 500,
              "scale": 0,
              "expression": null,
              "port_type": "INPUT"
            },
            {
              "name": "src_system",
              "datatype": "string",
              "precision": 5,
              "scale": 0,
              "expression": null,
              "port_type": "INPUT"
            },
            {
              "name": "etlname",
              "datatype": "nstring",
              "precision": 500,
              "scale": 0,
              "expression": null,
              "port_type": "INPUT"
            },
            {
              "name": "error_msg",
              "datatype": "nstring",
              "precision": 500,
              "scale": 0,
              "expression": null,
              "port_type": "INPUT"
            },
            {
              "name": "dw_pgm_name",
              "datatype": "nstring",
              "precision": 500,
              "scale": 0,
              "expression": null,
              "port_type": "INPUT"
            }
          ],
          "attributes": {}
        },
        {
          "name": "SQ_pre_land_sfdc_org_office_role",
          "type": "Source Qualifier",
          "description": "",
          "field_count": 13,
          "pyspark_equivalent": "spark.read.jdbc() / spark.read.format()",
          "fields": [
            {
              "name": "Id",
              "datatype": "string",
              "precision": 18,
              "scale": 0,
              "expression": null,
              "port_type": "INPUT/OUTPUT"
            },
            {
              "name": "CreatedDate",
              "datatype": "string",
              "precision": 29,
              "scale": 0,
              "expression": null,
              "port_type": "INPUT/OUTPUT"
            },
            {
              "name": "CreatedByAlias",
              "datatype": "string",
              "precision": 8,
              "scale": 0,
              "expression": null,
              "port_type": "INPUT/OUTPUT"
            },
            {
              "name": "LastModifiedDate",
              "datatype": "string",
              "precision": 29,
              "scale": 0,
              "expression": null,
              "port_type": "INPUT/OUTPUT"
            },
            {
              "name": "LastModifiedAlias",
              "datatype": "string",
              "precision": 8,
              "scale": 0,
              "expression": null,
              "port_type": "INPUT/OUTPUT"
            },
            {
              "name": "LastActivityDate",
              "datatype": "string",
              "precision": 29,
              "scale": 0,
              "expression": null,
              "port_type": "INPUT/OUTPUT"
            },
            {
              "name": "Role_Start_Date__c",
              "datatype": "string",
              "precision": 29,
              "scale": 0,
              "expression": null,
              "port_type": "INPUT/OUTPUT"
            },
            {
              "name": "Role_End_Date__c",
              "datatype": "string",
              "precision": 29,
              "scale": 0,
              "expression": null,
              "port_type": "INPUT/OUTPUT"
            },
            {
              "name": "Primary_Role__c",
              "datatype": "string",
              "precision": 5,
              "scale": 0,
              "expression": null,
              "port_type": "INPUT/OUTPUT"
            },
            {
              "name": "Role_Inactivation_Reason__c",
              "datatype": "string",
              "precision": 255,
              "scale": 0,
              "expression": null,
              "port_type": "INPUT/OUTPUT"
            },
            {
              "name": "Role_Status__c",
              "datatype": "string",
              "precision": 255,
              "scale": 0,
              "expression": null,
              "port_type": "INPUT/OUTPUT"
            },
            {
              "name": "Role__c",
              "datatype": "string",
              "precision": 255,
              "scale": 0,
              "expression": null,
              "port_type": "INPUT/OUTPUT"
            },
            {
              "name": "Account_Name__c",
              "datatype": "string",
              "precision": 18,
              "scale": 0,
              "expression": null,
              "port_type": "INPUT/OUTPUT"
            }
          ],
          "attributes": {}
        },
        {
          "name": "srtr_data_prep1",
          "type": "Sorter",
          "description": "",
          "field_count": 8,
          "pyspark_equivalent": "df.orderBy() / df.sort()",
          "fields": [
            {
              "name": "Role_Start_Date__c",
              "datatype": "string",
              "precision": 29,
              "scale": 0,
              "expression": null,
              "port_type": "INPUT/OUTPUT"
            },
            {
              "name": "Role_End_Date__c",
              "datatype": "string",
              "precision": 29,
              "scale": 0,
              "expression": null,
              "port_type": "INPUT/OUTPUT"
            },
            {
              "name": "Primary_Role__c",
              "datatype": "string",
              "precision": 5,
              "scale": 0,
              "expression": null,
              "port_type": "INPUT/OUTPUT"
            },
            {
              "name": "Role_Inactivation_Reason__c",
              "datatype": "string",
              "precision": 255,
              "scale": 0,
              "expression": null,
              "port_type": "INPUT/OUTPUT"
            },
            {
              "name": "Role_Status__c",
              "datatype": "string",
              "precision": 255,
              "scale": 0,
              "expression": null,
              "port_type": "INPUT/OUTPUT"
            },
            {
              "name": "Role__c",
              "datatype": "string",
              "precision": 255,
              "scale": 0,
              "expression": null,
              "port_type": "INPUT/OUTPUT"
            },
            {
              "name": "Account_Name__c",
              "datatype": "string",
              "precision": 18,
              "scale": 0,
              "expression": null,
              "port_type": "INPUT/OUTPUT"
            },
            {
              "name": "Id",
              "datatype": "string",
              "precision": 18,
              "scale": 0,
              "expression": null,
              "port_type": "INPUT/OUTPUT"
            }
          ],
          "attributes": {}
        },
        {
          "name": "exp_org",
          "type": "Expression",
          "description": "",
          "field_count": 9,
          "pyspark_equivalent": "df.withColumn() / df.select()",
          "fields": [
            {
              "name": "Id",
              "datatype": "string",
              "precision": 18,
              "scale": 0,
              "expression": "Id",
              "port_type": "INPUT/OUTPUT"
            },
            {
              "name": "CreatedByAlias",
              "datatype": "string",
              "precision": 8,
              "scale": 0,
              "expression": "CreatedByAlias",
              "port_type": "INPUT/OUTPUT"
            },
            {
              "name": "CreatedDate",
              "datatype": "string",
              "precision": 29,
              "scale": 0,
              "expression": "CreatedDate",
              "port_type": "INPUT/OUTPUT"
            },
            {
              "name": "LastModifiedByAlias",
              "datatype": "string",
              "precision": 8,
              "scale": 0,
              "expression": "LastModifiedByAlias",
              "port_type": "INPUT/OUTPUT"
            },
            {
              "name": "LastModifiedDate",
              "datatype": "string",
              "precision": 29,
              "scale": 0,
              "expression": "LastModifiedDate",
              "port_type": "INPUT/OUTPUT"
            },
            {
              "name": "Source_System_Name",
              "datatype": "string",
              "precision": 18,
              "scale": 0,
              "expression": "Source_System_Name",
              "port_type": "INPUT/OUTPUT"
            },
            {
              "name": "Organization_ID__c",
              "datatype": "string",
              "precision": 15,
              "scale": 0,
              "expression": "Organization_ID__c",
              "port_type": "INPUT/OUTPUT"
            },
            {
              "name": "RecordTypeName",
              "datatype": "string",
              "precision": 80,
              "scale": 0,
              "expression": "RecordTypeName",
              "port_type": "INPUT/OUTPUT"
            },
            {
              "name": "org_role_type",
              "datatype": "nstring",
              "precision": 255,
              "scale": 0,
              "expression": "org_role_type",
              "port_type": "INPUT/OUTPUT"
            }
          ],
          "attributes": {}
        },
        {
          "name": "flt_org",
          "type": "Filter",
          "description": "",
          "field_count": 9,
          "pyspark_equivalent": "df.filter() / df.where()",
          "fields": [
            {
              "name": "Id",
              "datatype": "string",
              "precision": 18,
              "scale": 0,
              "expression": null,
              "port_type": "INPUT/OUTPUT"
            },
            {
              "name": "CreatedByAlias",
              "datatype": "string",
              "precision": 8,
              "scale": 0,
              "expression": null,
              "port_type": "INPUT/OUTPUT"
            },
            {
              "name": "CreatedDate",
              "datatype": "string",
              "precision": 29,
              "scale": 0,
              "expression": null,
              "port_type": "INPUT/OUTPUT"
            },
            {
              "name": "LastModifiedByAlias",
              "datatype": "string",
              "precision": 8,
              "scale": 0,
              "expression": null,
              "port_type": "INPUT/OUTPUT"
            },
            {
              "name": "LastModifiedDate",
              "datatype": "string",
              "precision": 29,
              "scale": 0,
              "expression": null,
              "port_type": "INPUT/OUTPUT"
            },
            {
              "name": "Source_System_Name",
              "datatype": "string",
              "precision": 18,
              "scale": 0,
              "expression": null,
              "port_type": "INPUT/OUTPUT"
            },
            {
              "name": "RecordTypeName",
              "datatype": "string",
              "precision": 80,
              "scale": 0,
              "expression": null,
              "port_type": "INPUT/OUTPUT"
            },
            {
              "name": "Organization_ID__c",
              "datatype": "string",
              "precision": 15,
              "scale": 0,
              "expression": null,
              "port_type": "INPUT/OUTPUT"
            },
            {
              "name": "org_role_type",
              "datatype": "nstring",
              "precision": 255,
              "scale": 0,
              "expression": null,
              "port_type": "INPUT/OUTPUT"
            }
          ],
          "attributes": {}
        },
        {
          "name": "SQ_pre_land_sfdc_organization",
          "type": "Source Qualifier",
          "description": "",
          "field_count": 45,
          "pyspark_equivalent": "spark.read.jdbc() / spark.read.format()",
          "fields": [
            {
              "name": "Id",
              "datatype": "string",
              "precision": 18,
              "scale": 0,
              "expression": null,
              "port_type": "INPUT/OUTPUT"
            },
            {
              "name": "ParentId",
              "datatype": "string",
              "precision": 18,
              "scale": 0,
              "expression": null,
              "port_type": "INPUT/OUTPUT"
            },
            {
              "name": "Tier__c",
              "datatype": "string",
              "precision": 255,
              "scale": 0,
              "expression": null,
              "port_type": "INPUT/OUTPUT"
            },
            {
              "name": "Status__c",
              "datatype": "string",
              "precision": 255,
              "scale": 0,
              "expression": null,
              "port_type": "INPUT/OUTPUT"
            },
            {
              "name": "RecordTypeName",
              "datatype": "string",
              "precision": 80,
              "scale": 0,
              "expression": null,
              "port_type": "INPUT/OUTPUT"
            },
            {
              "name": "CRD__c",
              "datatype": "string",
              "precision": 15,
              "scale": 0,
              "expression": null,
              "port_type": "INPUT/OUTPUT"
            },
            {
              "name": "Registration_Type__c",
              "datatype": "string",
              "precision": 4099,
              "scale": 0,
              "expression": null,
              "port_type": "INPUT/OUTPUT"
            },
            {
              "name": "Primary_CG_Org_Owner__c",
              "datatype": "string",
              "precision": 18,
              "scale": 0,
              "expression": null,
              "port_type": "INPUT/OUTPUT"
            },
            {
              "name": "Primary_CG_Org_Owner__r_alias",
              "datatype": "string",
              "precision": 8,
              "scale": 0,
              "expression": null,
              "port_type": "INPUT/OUTPUT"
            },
            {
              "name": "Primary_CG_Org_Owner__r_Associate_ID__c",
              "datatype": "string",
              "precision": 15,
              "scale": 0,
              "expression": null,
              "port_type": "INPUT/OUTPUT"
            },
            {
              "name": "Primary_Channel__c",
              "datatype": "string",
              "precision": 255,
              "scale": 0,
              "expression": null,
              "port_type": "INPUT/OUTPUT"
            },
            {
              "name": "Type",
              "datatype": "string",
              "precision": 40,
              "scale": 0,
              "expression": null,
              "port_type": "INPUT/OUTPUT"
            },
            {
              "name": "Organization_Direct__c",
              "datatype": "string",
              "precision": 15,
              "scale": 0,
              "expression": null,
              "port_type": "INPUT/OUTPUT"
            },
            {
              "name": "Name",
              "datatype": "nstring",
              "precision": 255,
              "scale": 0,
              "expression": null,
              "port_type": "INPUT/OUTPUT"
            },
            {
              "name": "Marketing_Email_Restriction__c",
              "datatype": "string",
              "precision": 255,
              "scale": 0,
              "expression": null,
              "port_type": "INPUT/OUTPUT"
            },
            {
              "name": "Organization_ID__c",
              "datatype": "string",
              "precision": 15,
              "scale": 0,
              "expression": null,
              "port_type": "INPUT/OUTPUT"
            },
            {
              "name": "BillingStreet",
              "datatype": "nstring",
              "precision": 255,
              "scale": 0,
              "expression": null,
              "port_type": "INPUT/OUTPUT"
            },
            {
              "name": "BillingCity",
              "datatype": "nstring",
              "precision": 40,
              "scale": 0,
              "expression": null,
              "port_type": "INPUT/OUTPUT"
            },
            {
              "name": "BillingState",
              "datatype": "nstring",
              "precision": 80,
              "scale": 0,
              "expression": null,
              "port_type": "INPUT/OUTPUT"
            },
            {
              "name": "BillingPostalCode",
              "datatype": "string",
              "precision": 20,
              "scale": 0,
              "expression": null,
              "port_type": "INPUT/OUTPUT"
            },
            {
              "name": "BillingCountry",
              "datatype": "nstring",
              "precision": 80,
              "scale": 0,
              "expression": null,
              "port_type": "INPUT/OUTPUT"
            },
            {
              "name": "IsDeleted",
              "datatype": "string",
              "precision": 5,
              "scale": 0,
              "expression": null,
              "port_type": "INPUT/OUTPUT"
            },
            {
              "name": "CreatedByAlias",
              "datatype": "string",
              "precision": 8,
              "scale": 0,
              "expression": null,
              "port_type": "INPUT/OUTPUT"
            },
            {
              "name": "CreatedDate",
              "datatype": "string",
              "precision": 29,
              "scale": 0,
              "expression": null,
              "port_type": "INPUT/OUTPUT"
            },
            {
              "name": "LastModifiedByAlias",
              "datatype": "string",
              "precision": 8,
              "scale": 0,
              "expression": null,
              "port_type": "INPUT/OUTPUT"
            },
            {
              "name": "LastModifiedDate",
              "datatype": "string",
              "precision": 29,
              "scale": 0,
              "expression": null,
              "port_type": "INPUT/OUTPUT"
            },
            {
              "name": "GU_ID__c",
              "datatype": "string",
              "precision": 18,
              "scale": 0,
              "expression": null,
              "port_type": "INPUT/OUTPUT"
            },
            {
              "name": "Source_System_Name",
              "datatype": "string",
              "precision": 18,
              "scale": 0,
              "expression": null,
              "port_type": "INPUT/OUTPUT"
            },
            {
              "name": "Primary_Address_Type__c",
              "datatype": "string",
              "precision": 255,
              "scale": 0,
              "expression": null,
              "port_type": "INPUT/OUTPUT"
            },
            {
              "name": "Secondary_Address_Type__c",
              "datatype": "string",
              "precision": 255,
              "scale": 0,
              "expression": null,
              "port_type": "INPUT/OUTPUT"
            },
            {
              "name": "Location_Type__c",
              "datatype": "string",
              "precision": 255,
              "scale": 0,
              "expression": null,
              "port_type": "INPUT/OUTPUT"
            },
            {
              "name": "Legal_Name__c",
              "datatype": "nstring",
              "precision": 255,
              "scale": 0,
              "expression": null,
              "port_type": "INPUT/OUTPUT"
            },
            {
              "name": "SEC__c",
              "datatype": "string",
              "precision": 25,
              "scale": 0,
              "expression": null,
              "port_type": "INPUT/OUTPUT"
            },
            {
              "name": "ShippingStreet",
              "datatype": "nstring",
              "precision": 255,
              "scale": 0,
              "expression": null,
              "port_type": "INPUT/OUTPUT"
            },
            {
              "name": "ShippingCity",
              "datatype": "nstring",
              "precision": 40,
              "scale": 0,
              "expression": null,
              "port_type": "INPUT/OUTPUT"
            },
            {
              "name": "ShippingState",
              "datatype": "nstring",
              "precision": 80,
              "scale": 0,
              "expression": null,
              "port_type": "INPUT/OUTPUT"
            },
            {
              "name": "ShippingPostalCode",
              "datatype": "nstring",
              "precision": 20,
              "scale": 0,
              "expression": null,
              "port_type": "INPUT/OUTPUT"
            },
            {
              "name": "ShippingCountry",
              "datatype": "nstring",
              "precision": 80,
              "scale": 0,
              "expression": null,
              "port_type": "INPUT/OUTPUT"
            },
            {
              "name": "Corporate_Structure__c",
              "datatype": "string",
              "precision": 255,
              "scale": 0,
              "expression": null,
              "port_type": "INPUT/OUTPUT"
            },
            {
              "name": "Inactivated_Date__c",
              "datatype": "string",
              "precision": 29,
              "scale": 0,
              "expression": null,
              "port_type": "INPUT/OUTPUT"
            },
            {
              "name": "Org_Tax_ID_Number__c",
              "datatype": "string",
              "precision": 50,
              "scale": 0,
              "expression": null,
              "port_type": "INPUT/OUTPUT"
            },
            {
              "name": "Phone",
              "datatype": "nstring",
              "precision": 40,
              "scale": 0,
              "expression": null,
              "port_type": "INPUT/OUTPUT"
            },
            {
              "name": "Fax",
              "datatype": "nstring",
              "precision": 40,
              "scale": 0,
              "expression": null,
              "port_type": "INPUT/OUTPUT"
            },
            {
              "name": "Website",
              "datatype": "nstring",
              "precision": 255,
              "scale": 0,
              "expression": null,
              "port_type": "INPUT/OUTPUT"
            },
            {
              "name": "org_role_type",
              "datatype": "nstring",
              "precision": 255,
              "scale": 0,
              "expression": null,
              "port_type": "INPUT/OUTPUT"
            }
          ],
          "attributes": {}
        },
        {
          "name": "exp_org_role",
          "type": "Expression",
          "description": "",
          "field_count": 8,
          "pyspark_equivalent": "df.withColumn() / df.select()",
          "fields": [
            {
              "name": "Role_Start_Date__c",
              "datatype": "string",
              "precision": 29,
              "scale": 0,
              "expression": "Role_Start_Date__c",
              "port_type": "INPUT/OUTPUT"
            },
            {
              "name": "Role_End_Date__c",
              "datatype": "string",
              "precision": 29,
              "scale": 0,
              "expression": "Role_End_Date__c",
              "port_type": "INPUT/OUTPUT"
            },
            {
              "name": "Primary_Role__c",
              "datatype": "string",
              "precision": 5,
              "scale": 0,
              "expression": "Primary_Role__c",
              "port_type": "INPUT/OUTPUT"
            },
            {
              "name": "Role_Inactivation_Reason__c",
              "datatype": "string",
              "precision": 255,
              "scale": 0,
              "expression": "Role_Inactivation_Reason__c",
              "port_type": "INPUT/OUTPUT"
            },
            {
              "name": "Role_Status__c",
              "datatype": "string",
              "precision": 255,
              "scale": 0,
              "expression": "Role_Status__c",
              "port_type": "INPUT/OUTPUT"
            },
            {
              "name": "Role__c",
              "datatype": "string",
              "precision": 255,
              "scale": 0,
              "expression": "Role__c",
              "port_type": "INPUT/OUTPUT"
            },
            {
              "name": "Account_Name__c",
              "datatype": "string",
              "precision": 18,
              "scale": 0,
              "expression": "Account_Name__c",
              "port_type": "INPUT/OUTPUT"
            },
            {
              "name": "Id",
              "datatype": "string",
              "precision": 18,
              "scale": 0,
              "expression": "Id",
              "port_type": "INPUT/OUTPUT"
            }
          ],
          "attributes": {}
        },
        {
          "name": "lkp_values",
          "type": "Lookup Procedure",
          "description": "",
          "field_count": 6,
          "pyspark_equivalent": "df.join() with broadcast",
          "fields": [
            {
              "name": "src_val_in",
              "datatype": "string",
              "precision": 100,
              "scale": 0,
              "expression": null,
              "port_type": "INPUT"
            },
            {
              "name": "attrib_nm_in",
              "datatype": "string",
              "precision": 100,
              "scale": 0,
              "expression": null,
              "port_type": "INPUT"
            },
            {
              "name": "src_sys_nm",
              "datatype": "string",
              "precision": 100,
              "scale": 0,
              "expression": null,
              "port_type": "LOOKUP/OUTPUT"
            },
            {
              "name": "attrib_nm",
              "datatype": "string",
              "precision": 100,
              "scale": 0,
              "expression": null,
              "port_type": "LOOKUP/OUTPUT"
            },
            {
              "name": "src_val",
              "datatype": "string",
              "precision": 100,
              "scale": 0,
              "expression": null,
              "port_type": "LOOKUP/OUTPUT"
            },
            {
              "name": "std_lkup_id",
              "datatype": "integer",
              "precision": 10,
              "scale": 0,
              "expression": null,
              "port_type": "LOOKUP/RETURN/OUTPUT"
            }
          ],
          "attributes": {}
        }
      ],
      "sql_analysis": {
        "tables": [
          {
            "name": "pre_land_sfdc_org_office_role",
            "type": "SOURCE",
            "owner": "dbo",
            "database": "CDM_SQL_PRE_LANDING_SRC",
            "database_type": "Microsoft SQL Server"
          },
          {
            "name": "pre_land_sfdc_organization",
            "type": "SOURCE",
            "owner": "",
            "database": "CDM_SQL_PRE_LANDING_SRC",
            "database_type": "Microsoft SQL Server"
          },
          {
            "name": "today_party_role_xform",
            "type": "TARGET",
            "owner": "",
            "database": "",
            "database_type": "Microsoft SQL Server"
          },
          {
            "name": "lkup_transformation_map",
            "type": "LOOKUP",
            "owner": "",
            "database": "",
            "database_type": ""
          }
        ],
        "select_queries": [
          {
            "name": "SQ_pre_land_sfdc_organization",
            "type": "Source Qualifier",
            "query": "SELECT pre_land_sfdc_organization.Id,\r\npre_land_sfdc_organization.RecordTypeName,\r\npre_land_sfdc_organization.Organization_ID__c,\r\npre_land_sfdc_organization.CreatedByAlias,\r\npre_land_sfdc_organization.CreatedDate,\r\npre_land_sfdc_organization.LastModifiedByAlias,\r\npre_land_sfdc_organization.LastModifiedDate,\r\npre_land_sfdc_organization.Source_System_Name,\r\nNull org_role_type\r\nFROM\r\n pre_land_sfdc_organization\r\n\r\nunion\r\n\r\nSELECT o.Id,\r\no.RecordTypeName,\r\nNULL Organization_ID__c,\r\no.CreatedByAlias,\r\no.CreatedDate,\r\no.LastModifiedByAlias,\r\no.LastModifiedDate,\r\no.Source_System_Name,\r\nNull org_role_type\r\nFROM\r\n pre_land_sfdc_office o\r\nwhere \r\n((o.Client_Group_C='Australia' and o.BillingCountry is NULL) OR (o.Client_Group_C is NOT NULL and o.BillingCountry = 'Australia'))\r\n\r\n union\r\n SELECT org.Id,\r\norg.RecordTypeName,\r\norg.Organization_ID__c,\r\norg.CreatedByAlias,\r\norg.CreatedDate,\r\norg.LastModifiedByAlias,\r\norg.LastModifiedDate,\r\norg.Source_System_Name,\r\n'AFS Licensee Firm' org_role_type\r\nFROM\r\n pre_land_sfdc_organization org\r\n left join pre_land_sfdc_office o\r\n on org.id=o.ParentId\r\n where ((o.Client_Group_C='Australia' and o.BillingCountry is NULL) OR (o.Client_Group_C is NOT NULL and o.BillingCountry = 'Australia'))\r\n union\r\nSELECT o.Id,\r\no.RecordTypeName,\r\no.Office_ID__c,\r\no.CreatedByAlias,\r\no.CreatedDate,\r\no.LastModifiedByAlias,\r\no.LastModifiedDate,\r\no.Source_System_Name,\r\n'Corporate Authorized Representative Firm' org_role_type\r\nFROM\r\npre_land_sfdc_office o\r\nwhere ((o.Client_Group_C='Australia' and o.BillingCountry is NULL) OR (o.Client_Group_C is NOT NULL and o.BillingCountry = 'Australia'))"
          }
        ],
        "stored_procedures": [
          {
            "name": "SP_LKP_LOAD_TOTAL_ERROR_INFO",
            "transformation": "SP_LKP_LOAD_TOTAL_ERROR_INFO",
            "type": "Normal",
            "call_text": "No call text defined"
          }
        ],
        "lookup_queries": [
          {
            "name": "lkp_values",
            "type": "Lookup Override",
            "query": "SELECT LTRIM(RTRIM(std_lkup_id)) as std_lkup_id\r\n,LTRIM(RTRIM(src_sys_nm)) as src_sys_nm\r\n,LTRIM(RTRIM(src_val)) as src_val\r\n,LTRIM(RTRIM(attrib_nm)) as attrib_nm \r\nFROM lkup_transformation_map where src_sys_nm = 'SFDC'",
            "table": "lkup_transformation_map"
          }
        ],
        "filter_conditions": [
          {
            "name": "FIL_Null_Role_Type_id",
            "type": "Filter",
            "condition": "NOT ISNULL(Role_Type_Id_out)"
          },
          {
            "name": "flt_org_role",
            "type": "Filter",
            "condition": "TRUE"
          },
          {
            "name": "flt_org",
            "type": "Filter",
            "condition": "TRUE"
          }
        ],
        "pre_post_sql": []
      },
      "main_flow": [
        {
          "instance_name": "pre_land_sfdc_org_office_role",
          "instance_type": "SOURCE",
          "order": 0
        },
        {
          "instance_name": "pre_land_sfdc_organization",
          "instance_type": "SOURCE",
          "order": 1
        },
        {
          "instance_name": "SP_LKP_LOAD_TOTAL_ERROR_INFO",
          "instance_type": "TRANSFORMATION",
          "order": 2
        },
        {
          "instance_name": "lkp_values",
          "instance_type": "TRANSFORMATION",
          "order": 3
        },
        {
          "instance_name": "SQ_pre_land_sfdc_org_office_role",
          "instance_type": "TRANSFORMATION",
          "order": 4
        },
        {
          "instance_name": "SQ_pre_land_sfdc_organization",
          "instance_type": "TRANSFORMATION",
          "order": 5
        },
        {
          "instance_name": "flt_org_role",
          "instance_type": "TRANSFORMATION",
          "order": 6
        },
        {
          "instance_name": "flt_org",
          "instance_type": "TRANSFORMATION",
          "order": 7
        },
        {
          "instance_name": "exp_org_role",
          "instance_type": "TRANSFORMATION",
          "order": 8
        },
        {
          "instance_name": "exp_org",
          "instance_type": "TRANSFORMATION",
          "order": 9
        },
        {
          "instance_name": "srtr_data_prep1",
          "instance_type": "TRANSFORMATION",
          "order": 10
        },
        {
          "instance_name": "srtr_data_prep",
          "instance_type": "TRANSFORMATION",
          "order": 11
        },
        {
          "instance_name": "jnr_org",
          "instance_type": "TRANSFORMATION",
          "order": 12
        },
        {
          "instance_name": "exp_lookup_values",
          "instance_type": "TRANSFORMATION",
          "order": 13
        },
        {
          "instance_name": "FIL_Null_Role_Type_id",
          "instance_type": "TRANSFORMATION",
          "order": 14
        },
        {
          "instance_name": "TODAY_PARTY_ROLE_XFORM",
          "instance_type": "TARGET",
          "order": 15
        }
      ],
      "detached_lookups": [],
      "detached_sps": [],
      "expression_analysis": {
        "lookups": [
          {
            "lookup_name": "lkp_values",
            "input_ports": [
              "ltrim(rtrim(Role_Inactivation_Reason__c"
            ],
            "output_ports": [],
            "condition": ""
          }
        ],
        "stored_procs": [
          {
            "sp_name": "SP_LKP_LOAD_TOTAL_ERROR_INFO",
            "input_ports": [
              "Role__c",
              "'ORG_'||Id",
              "Id||Role__c",
              "'ROLE_TYPE_ID'",
              "created_date",
              "Source_System_Name",
              "'wf_landing_sfdc_to_cdm_organization_party_role'",
              "'9999 Rejected record'",
              "'wf_landing_sfdc_to_cdm_organization_party_role'"
            ],
            "output_ports": []
          }
        ],
        "pm_variables": [
          "$PMMappingName"
        ],
        "unknown_references": []
      },
      "required_user_inputs": [
        {
          "type": "connection",
          "source_name": "pre_land_sfdc_org_office_role",
          "label": "Database connection for pre_land_sfdc_org_office_role",
          "db_name": "CDM_SQL_PRE_LANDING_SRC",
          "database_type": "Microsoft SQL Server"
        },
        {
          "type": "connection",
          "source_name": "pre_land_sfdc_organization",
          "label": "Database connection for pre_land_sfdc_organization",
          "db_name": "CDM_SQL_PRE_LANDING_SRC",
          "database_type": "Microsoft SQL Server"
        },
        {
          "type": "target_config",
          "target_name": "today_party_role_xform",
          "label": "Target configuration for today_party_role_xform",
          "needs": [
            "format",
            "destination",
            "write_mode"
          ]
        }
      ],
      "flow_text": "pre_land_sfdc_org_office_role (SRC) -> SQ_pre_land_sfdc_org_office_role (TRA) -> flt_org_role (TRA) -> exp_org_role (TRA) -> srtr_data_prep1 (TRA) -> jnr_org (TRA) -> exp_lookup_values (TRA) -> FIL_Null_Role_Type_id (TRA) -> TODAY_PARTY_ROLE_XFORM (TGT)"
    }
  ],
  "configs": [],
  "warnings": [],
  "errors": []
}