{
  "mapping_name": "m_landing_sfdc_to_cdm_contact_party_rel_new",
  "status": "success",
  "coverage_percent": 100.0,
  "generated_files": [
    "job_m_landing_sfdc_to_cdm_contact_party_rel_new.py",
    "runtime_lib.py",
    "config.yaml"
  ],
  "warnings": [
    {
      "severity": "warning",
      "category": "conversion",
      "message": "Unsupported transformation type: TRANSFORMATION (lkp_values)",
      "details": null
    },
    {
      "severity": "warning",
      "category": "conversion",
      "message": "Unsupported transformation type: TRANSFORMATION (TODAY_PARTY_XFORM)",
      "details": null
    },
    {
      "severity": "warning",
      "category": "conversion",
      "message": "Unsupported transformation type: TRANSFORMATION (TODAY_PARTY_ROLE_XFORM)",
      "details": null
    },
    {
      "severity": "warning",
      "category": "conversion",
      "message": "Unsupported transformation type: TRANSFORMATION (SQ_pre_land_sfdc_contact_PerRoleToOrg)",
      "details": null
    },
    {
      "severity": "warning",
      "category": "conversion",
      "message": "Unsupported transformation type: TRANSFORMATION (SQ_pre_land_sfdc_contact_PerToORg)",
      "details": null
    },
    {
      "severity": "warning",
      "category": "conversion",
      "message": "Unsupported transformation type: TRANSFORMATION (SQ_pre_land_sfdc_contact_PerRoleToOfc)",
      "details": null
    },
    {
      "severity": "warning",
      "category": "conversion",
      "message": "Unsupported transformation type: TRANSFORMATION (SQ_pre_land_sfdc_contact_PerToOfc)",
      "details": null
    },
    {
      "severity": "warning",
      "category": "conversion",
      "message": "Unsupported transformation type: TRANSFORMATION (SQ_pre_land_sfdc_contact_PerToOrgDirect)",
      "details": null
    },
    {
      "severity": "warning",
      "category": "conversion",
      "message": "Unsupported transformation type: TRANSFORMATION (SQ_pre_land_sfdc_contact_PerRoleToOrgDirect)",
      "details": null
    },
    {
      "severity": "warning",
      "category": "conversion",
      "message": "Unsupported transformation type: TRANSFORMATION (EXPTRANS111)",
      "details": null
    },
    {
      "severity": "warning",
      "category": "conversion",
      "message": "Unsupported transformation type: TRANSFORMATION (EXPTRANS12)",
      "details": null
    },
    {
      "severity": "warning",
      "category": "conversion",
      "message": "Unsupported transformation type: TRANSFORMATION (EXPTRANS11)",
      "details": null
    },
    {
      "severity": "warning",
      "category": "conversion",
      "message": "Unsupported transformation type: TRANSFORMATION (EXPTRANS1)",
      "details": null
    },
    {
      "severity": "warning",
      "category": "conversion",
      "message": "Unsupported transformation type: TRANSFORMATION (EXPTRANS13)",
      "details": null
    },
    {
      "severity": "warning",
      "category": "conversion",
      "message": "Unsupported transformation type: TRANSFORMATION (EXPTRANS112)",
      "details": null
    },
    {
      "severity": "warning",
      "category": "conversion",
      "message": "Unsupported transformation type: TRANSFORMATION (FILTRANS1111)",
      "details": null
    },
    {
      "severity": "warning",
      "category": "conversion",
      "message": "Unsupported transformation type: TRANSFORMATION (FILTRANS2)",
      "details": null
    },
    {
      "severity": "warning",
      "category": "conversion",
      "message": "Unsupported transformation type: TRANSFORMATION (FILTRANS111)",
      "details": null
    },
    {
      "severity": "warning",
      "category": "conversion",
      "message": "Unsupported transformation type: TRANSFORMATION (FILTRANS11)",
      "details": null
    },
    {
      "severity": "warning",
      "category": "conversion",
      "message": "Unsupported transformation type: TRANSFORMATION (FILTRANS112)",
      "details": null
    },
    {
      "severity": "warning",
      "category": "conversion",
      "message": "Unsupported transformation type: TRANSFORMATION (FILTRANS1112)",
      "details": null
    },
    {
      "severity": "warning",
      "category": "conversion",
      "message": "Unsupported transformation type: MAPPLET (mplt_get_from_party_and_to_party_status1)",
      "details": null
    },
    {
      "severity": "warning",
      "category": "conversion",
      "message": "Unsupported transformation type: MAPPLET (mplt_get_from_party_and_to_party_status)",
      "details": null
    },
    {
      "severity": "warning",
      "category": "conversion",
      "message": "Unsupported transformation type: MAPPLET (mplt_get_from_party_and_to_party_status4)",
      "details": null
    },
    {
      "severity": "warning",
      "category": "conversion",
      "message": "Unsupported transformation type: MAPPLET (mplt_get_from_party_and_to_party_status3)",
      "details": null
    },
    {
      "severity": "warning",
      "category": "conversion",
      "message": "Unsupported transformation type: MAPPLET (mplt_get_from_party_and_to_party_status5)",
      "details": null
    },
    {
      "severity": "warning",
      "category": "conversion",
      "message": "Unsupported transformation type: MAPPLET (mplt_get_from_party_and_to_party_status2)",
      "details": null
    },
    {
      "severity": "warning",
      "category": "conversion",
      "message": "Unsupported transformation type: TRANSFORMATION (EXPTRANS2)",
      "details": null
    },
    {
      "severity": "warning",
      "category": "conversion",
      "message": "Unsupported transformation type: TRANSFORMATION (EXPTRANS5)",
      "details": null
    },
    {
      "severity": "warning",
      "category": "conversion",
      "message": "Unsupported transformation type: TRANSFORMATION (EXPTRANS)",
      "details": null
    },
    {
      "severity": "warning",
      "category": "conversion",
      "message": "Unsupported transformation type: TRANSFORMATION (EXPTRANS4)",
      "details": null
    },
    {
      "severity": "warning",
      "category": "conversion",
      "message": "Unsupported transformation type: TRANSFORMATION (EXPTRANS6)",
      "details": null
    },
    {
      "severity": "warning",
      "category": "conversion",
      "message": "Unsupported transformation type: TRANSFORMATION (EXPTRANS3)",
      "details": null
    },
    {
      "severity": "warning",
      "category": "conversion",
      "message": "No input DataFrame found for target TODAY_PARTY_REL_XFORM_PerRoleToOrg",
      "details": null
    },
    {
      "severity": "warning",
      "category": "conversion",
      "message": "Unsupported transformation type: TRANSFORMATION (AGGTRANS1)",
      "details": null
    },
    {
      "severity": "warning",
      "category": "conversion",
      "message": "No input DataFrame found for target today_party_rel_xform_PerRoletoOfc",
      "details": null
    },
    {
      "severity": "warning",
      "category": "conversion",
      "message": "Unsupported transformation type: TRANSFORMATION (AGGTRANS)",
      "details": null
    },
    {
      "severity": "warning",
      "category": "conversion",
      "message": "Unsupported transformation type: TRANSFORMATION (AGGTRANS2)",
      "details": null
    },
    {
      "severity": "warning",
      "category": "conversion",
      "message": "No input DataFrame found for target today_party_rel_xform_PerRoletoOrgDirect",
      "details": null
    },
    {
      "severity": "warning",
      "category": "conversion",
      "message": "No input DataFrame found for target today_party_rel_xform_PerToOrg",
      "details": null
    },
    {
      "severity": "warning",
      "category": "conversion",
      "message": "No input DataFrame found for target today_party_rel_xform_PertoOfc",
      "details": null
    },
    {
      "severity": "warning",
      "category": "conversion",
      "message": "No input DataFrame found for target today_party_rel_xform_PertoOrgDirect",
      "details": null
    }
  ],
  "errors": [],
  "manual_items": [],
  "unsupported_features": []
}