{
  "xml_type": "POWERMART",
  "folder_name": "CDM_DEV3_SFDC",
  "repository_name": "pc105_repo_dev2_3",
  "mapping_count": 1,
  "mappings": [
    {
      "mapping_name": "m_landing_sfdc_to_cdm_contact_party",
      "sources": [
        {
          "name": "pre_land_sfdc_contact",
          "type": "SQL",
          "database_type": "Microsoft SQL Server",
          "db_name": "CDM_SQL_PRE_LANDING_SRC",
          "owner_name": "dbo",
          "field_count": 85,
          "confidence": "high",
          "fields": [
            {
              "name": "Id",
              "datatype": "nvarchar",
              "precision": 18,
              "scale": 0,
              "nullable": true,
              "key_type": "NOT A KEY"
            },
            {
              "name": "IsDeleted",
              "datatype": "nvarchar",
              "precision": 10,
              "scale": 0,
              "nullable": true,
              "key_type": "NOT A KEY"
            },
            {
              "name": "AccountId",
              "datatype": "nvarchar",
              "precision": 18,
              "scale": 0,
              "nullable": true,
              "key_type": "NOT A KEY"
            },
            {
              "name": "LastName",
              "datatype": "nvarchar",
              "precision": 80,
              "scale": 0,
              "nullable": true,
              "key_type": "NOT A KEY"
            },
            {
              "name": "FirstName",
              "datatype": "nvarchar",
              "precision": 40,
              "scale": 0,
              "nullable": true,
              "key_type": "NOT A KEY"
            },
            {
              "name": "Salutation",
              "datatype": "nvarchar",
              "precision": 40,
              "scale": 0,
              "nullable": true,
              "key_type": "NOT A KEY"
            },
            {
              "name": "Name",
              "datatype": "nvarchar",
              "precision": 121,
              "scale": 0,
              "nullable": true,
              "key_type": "NOT A KEY"
            },
            {
              "name": "RecordTypeId",
              "datatype": "nvarchar",
              "precision": 18,
              "scale": 0,
              "nullable": true,
              "key_type": "NOT A KEY"
            },
            {
              "name": "OtherStreet",
              "datatype": "nvarchar",
              "precision": 255,
              "scale": 0,
              "nullable": true,
              "key_type": "NOT A KEY"
            },
            {
              "name": "OtherCity",
              "datatype": "nvarchar",
              "precision": 40,
              "scale": 0,
              "nullable": true,
              "key_type": "NOT A KEY"
            },
            {
              "name": "OtherState",
              "datatype": "nvarchar",
              "precision": 80,
              "scale": 0,
              "nullable": true,
              "key_type": "NOT A KEY"
            },
            {
              "name": "OtherPostalCode",
              "datatype": "nvarchar",
              "precision": 20,
              "scale": 0,
              "nullable": true,
              "key_type": "NOT A KEY"
            },
            {
              "name": "OtherCountry",
              "datatype": "nvarchar",
              "precision": 80,
              "scale": 0,
              "nullable": true,
              "key_type": "NOT A KEY"
            },
            {
              "name": "MailingStreet",
              "datatype": "nvarchar",
              "precision": 255,
              "scale": 0,
              "nullable": true,
              "key_type": "NOT A KEY"
            },
            {
              "name": "MailingCity",
              "datatype": "nvarchar",
              "precision": 40,
              "scale": 0,
              "nullable": true,
              "key_type": "NOT A KEY"
            },
            {
              "name": "MailingState",
              "datatype": "nvarchar",
              "precision": 80,
              "scale": 0,
              "nullable": true,
              "key_type": "NOT A KEY"
            },
            {
              "name": "MailingPostalCode",
              "datatype": "nvarchar",
              "precision": 20,
              "scale": 0,
              "nullable": true,
              "key_type": "NOT A KEY"
            },
            {
              "name": "MailingCountry",
              "datatype": "nvarchar",
              "precision": 80,
              "scale": 0,
              "nullable": true,
              "key_type": "NOT A KEY"
            },
            {
              "name": "Phone",
              "datatype": "nvarchar",
              "precision": 40,
              "scale": 0,
              "nullable": true,
              "key_type": "NOT A KEY"
            },
            {
              "name": "Fax",
              "datatype": "nvarchar",
              "precision": 40,
              "scale": 0,
              "nullable": true,
              "key_type": "NOT A KEY"
            },
            {
              "name": "Email",
              "datatype": "nvarchar",
              "precision": 80,
              "scale": 0,
              "nullable": true,
              "key_type": "NOT A KEY"
            },
            {
              "name": "CreatedDate",
              "datatype": "nvarchar",
              "precision": 29,
              "scale": 0,
              "nullable": true,
              "key_type": "NOT A KEY"
            },
            {
              "name": "CreatedById",
              "datatype": "nvarchar",
              "precision": 18,
              "scale": 0,
              "nullable": true,
              "key_type": "NOT A KEY"
            },
            {
              "name": "LastModifiedDate",
              "datatype": "nvarchar",
              "precision": 29,
              "scale": 0,
              "nullable": true,
              "key_type": "NOT A KEY"
            },
            {
              "name": "LastModifiedById",
              "datatype": "nvarchar",
              "precision": 18,
              "scale": 0,
              "nullable": true,
              "key_type": "NOT A KEY"
            },
            {
              "name": "Contact_Mktg_Email_Restriction__c",
              "datatype": "nvarchar",
              "precision": 255,
              "scale": 0,
              "nullable": true,
              "key_type": "NOT A KEY"
            },
            {
              "name": "Contact_Role__c",
              "datatype": "nvarchar",
              "precision": 255,
              "scale": 0,
              "nullable": true,
              "key_type": "NOT A KEY"
            },
            {
              "name": "Direct__c",
              "datatype": "nvarchar",
              "precision": 1300,
              "scale": 0,
              "nullable": true,
              "key_type": "NOT A KEY"
            },
            {
              "name": "Nickname__c",
              "datatype": "nvarchar",
              "precision": 50,
              "scale": 0,
              "nullable": true,
              "key_type": "NOT A KEY"
            },
            {
              "name": "Office_ID__c",
              "datatype": "nvarchar",
              "precision": 1300,
              "scale": 0,
              "nullable": true,
              "key_type": "NOT A KEY"
            },
            {
              "name": "RP_Classification__c",
              "datatype": "nvarchar",
              "precision": 15,
              "scale": 0,
              "nullable": true,
              "key_type": "NOT A KEY"
            },
            {
              "name": "RP_Segment__c",
              "datatype": "nvarchar",
              "precision": 255,
              "scale": 0,
              "nullable": true,
              "key_type": "NOT A KEY"
            },
            {
              "name": "Sequence_N__c",
              "datatype": "nvarchar",
              "precision": 30,
              "scale": 0,
              "nullable": true,
              "key_type": "NOT A KEY"
            },
            {
              "name": "Status__c",
              "datatype": "nvarchar",
              "precision": 255,
              "scale": 0,
              "nullable": true,
              "key_type": "NOT A KEY"
            },
            {
              "name": "Type__c",
              "datatype": "nvarchar",
              "precision": 255,
              "scale": 0,
              "nullable": true,
              "key_type": "NOT A KEY"
            },
            {
              "name": "RP_Specialist__c",
              "datatype": "nvarchar",
              "precision": 10,
              "scale": 0,
              "nullable": true,
              "key_type": "NOT A KEY"
            },
            {
              "name": "Email_Pref_OAG__c",
              "datatype": "nvarchar",
              "precision": 10,
              "scale": 0,
              "nullable": true,
              "key_type": "NOT A KEY"
            },
            {
              "name": "Extension__c",
              "datatype": "nvarchar",
              "precision": 20,
              "scale": 0,
              "nullable": true,
              "key_type": "NOT A KEY"
            },
            {
              "name": "Middle_Initial__c",
              "datatype": "nvarchar",
              "precision": 20,
              "scale": 0,
              "nullable": true,
              "key_type": "NOT A KEY"
            },
            {
              "name": "Organization_Type__c",
              "datatype": "nvarchar",
              "precision": 1300,
              "scale": 0,
              "nullable": true,
              "key_type": "NOT A KEY"
            },
            {
              "name": "Role_Status__c",
              "datatype": "nvarchar",
              "precision": 255,
              "scale": 0,
              "nullable": true,
              "key_type": "NOT A KEY"
            },
            {
              "name": "Retail_Segmentation__c",
              "datatype": "nvarchar",
              "precision": 255,
              "scale": 0,
              "nullable": true,
              "key_type": "NOT A KEY"
            },
            {
              "name": "HNW_Segmentation__c",
              "datatype": "nvarchar",
              "precision": 255,
              "scale": 0,
              "nullable": true,
              "key_type": "NOT A KEY"
            },
            {
              "name": "Other_Reason_Code_Details__c",
              "datatype": "nvarchar",
              "precision": 255,
              "scale": 0,
              "nullable": true,
              "key_type": "NOT A KEY"
            },
            {
              "name": "Reason_Code_Clarification__c",
              "datatype": "nvarchar",
              "precision": 255,
              "scale": 0,
              "nullable": true,
              "key_type": "NOT A KEY"
            },
            {
              "name": "Reason_Code__c",
              "datatype": "nvarchar",
              "precision": 255,
              "scale": 0,
              "nullable": true,
              "key_type": "NOT A KEY"
            },
            {
              "name": "RecordtypeName",
              "datatype": "nvarchar",
              "precision": 80,
              "scale": 0,
              "nullable": true,
              "key_type": "NOT A KEY"
            },
            {
              "name": "CDM_GUID",
              "datatype": "nvarchar",
              "precision": 100,
              "scale": 0,
              "nullable": true,
              "key_type": "NOT A KEY"
            },
            {
              "name": "SOURCE_SYSTEM_NAME",
              "datatype": "nvarchar",
              "precision": 20,
              "scale": 0,
              "nullable": true,
              "key_type": "NOT A KEY"
            },
            {
              "name": "Rep_CRD__c",
              "datatype": "nvarchar",
              "precision": 15,
              "scale": 0,
              "nullable": true,
              "key_type": "NOT A KEY"
            },
            {
              "name": "Createdby_Alias",
              "datatype": "nvarchar",
              "precision": 8,
              "scale": 0,
              "nullable": true,
              "key_type": "NOT A KEY"
            },
            {
              "name": "Lastmodifiedby_Alias",
              "datatype": "nvarchar",
              "precision": 8,
              "scale": 0,
              "nullable": true,
              "key_type": "NOT A KEY"
            },
            {
              "name": "Primary_Address_Type__c",
              "datatype": "nvarchar",
              "precision": 255,
              "scale": 0,
              "nullable": true,
              "key_type": "NOT A KEY"
            },
            {
              "name": "Secondary_Address_Type__c",
              "datatype": "nvarchar",
              "precision": 255,
              "scale": 0,
              "nullable": true,
              "key_type": "NOT A KEY"
            },
            {
              "name": "Birthdate",
              "datatype": "nvarchar",
              "precision": 29,
              "scale": 0,
              "nullable": true,
              "key_type": "NOT A KEY"
            },
            {
              "name": "Hire_Date__c",
              "datatype": "nvarchar",
              "precision": 29,
              "scale": 0,
              "nullable": true,
              "key_type": "NOT A KEY"
            },
            {
              "name": "Alternate_Phone__c",
              "datatype": "nvarchar",
              "precision": 40,
              "scale": 0,
              "nullable": true,
              "key_type": "NOT A KEY"
            },
            {
              "name": "Alternate_Email__c",
              "datatype": "nvarchar",
              "precision": 80,
              "scale": 0,
              "nullable": true,
              "key_type": "NOT A KEY"
            },
            {
              "name": "Dealer_Advisor_Segmentation__c",
              "datatype": "nvarchar",
              "precision": 255,
              "scale": 0,
              "nullable": true,
              "key_type": "NOT A KEY"
            },
            {
              "name": "Dealer_Segment__c",
              "datatype": "nvarchar",
              "precision": 15,
              "scale": 0,
              "nullable": true,
              "key_type": "NOT A KEY"
            },
            {
              "name": "Advisory_Segmentation__c",
              "datatype": "nvarchar",
              "precision": 255,
              "scale": 0,
              "nullable": true,
              "key_type": "NOT A KEY"
            },
            {
              "name": "Advisory_Reason_Code__c",
              "datatype": "nvarchar",
              "precision": 255,
              "scale": 0,
              "nullable": true,
              "key_type": "NOT A KEY"
            },
            {
              "name": "Advisory_Reason_Code_Clarification__c",
              "datatype": "nvarchar",
              "precision": 255,
              "scale": 0,
              "nullable": true,
              "key_type": "NOT A KEY"
            },
            {
              "name": "Advisory_Other_Reason_Code_Details__c",
              "datatype": "nvarchar",
              "precision": 255,
              "scale": 0,
              "nullable": true,
              "key_type": "NOT A KEY"
            },
            {
              "name": "ARL_Contact_Classification__c",
              "datatype": "nvarchar",
              "precision": 255,
              "scale": 0,
              "nullable": true,
              "key_type": "NOT A KEY"
            },
            {
              "name": "Ins_Contact_Rating__c",
              "datatype": "nvarchar",
              "precision": 255,
              "scale": 0,
              "nullable": true,
              "key_type": "NOT A KEY"
            },
            {
              "name": "Segmentation_1__c",
              "datatype": "nvarchar",
              "precision": 50,
              "scale": 0,
              "nullable": true,
              "key_type": "NOT A KEY"
            },
            {
              "name": "Segmentation_2__c",
              "datatype": "nvarchar",
              "precision": 50,
              "scale": 0,
              "nullable": true,
              "key_type": "NOT A KEY"
            },
            {
              "name": "Segmentation_3__c",
              "datatype": "nvarchar",
              "precision": 50,
              "scale": 0,
              "nullable": true,
              "key_type": "NOT A KEY"
            },
            {
              "name": "Segmentation_4__c",
              "datatype": "nvarchar",
              "precision": 50,
              "scale": 0,
              "nullable": true,
              "key_type": "NOT A KEY"
            },
            {
              "name": "CIAM_Prospect_Level__c",
              "datatype": "nvarchar",
              "precision": 255,
              "scale": 0,
              "nullable": true,
              "key_type": "NOT A KEY"
            },
            {
              "name": "Insurance_Partner_ID",
              "datatype": "nvarchar",
              "precision": 25,
              "scale": 0,
              "nullable": true,
              "key_type": "NOT A KEY"
            },
            {
              "name": "Local_Suffix__c",
              "datatype": "nvarchar",
              "precision": 15,
              "scale": 0,
              "nullable": true,
              "key_type": "NOT A KEY"
            },
            {
              "name": "mobilephone",
              "datatype": "nvarchar",
              "precision": 40,
              "scale": 0,
              "nullable": true,
              "key_type": "NOT A KEY"
            },
            {
              "name": "linkedin_profile__c",
              "datatype": "nvarchar",
              "precision": 255,
              "scale": 0,
              "nullable": true,
              "key_type": "NOT A KEY"
            },
            {
              "name": "suffix__c",
              "datatype": "nvarchar",
              "precision": 29,
              "scale": 0,
              "nullable": true,
              "key_type": "NOT A KEY"
            },
            {
              "name": "team_profile__c",
              "datatype": "nvarchar",
              "precision": 5,
              "scale": 0,
              "nullable": true,
              "key_type": "NOT A KEY"
            },
            {
              "name": "website__c",
              "datatype": "varchar",
              "precision": 255,
              "scale": 0,
              "nullable": true,
              "key_type": "NOT A KEY"
            },
            {
              "name": "Primary_Contact_Role__c",
              "datatype": "varchar",
              "precision": 255,
              "scale": 0,
              "nullable": true,
              "key_type": "NOT A KEY"
            },
            {
              "name": "Org_Office_Roles__c",
              "datatype": "varchar",
              "precision": 4099,
              "scale": 0,
              "nullable": true,
              "key_type": "NOT A KEY"
            },
            {
              "name": "Parent_Recordtype_Name",
              "datatype": "varchar",
              "precision": 80,
              "scale": 0,
              "nullable": true,
              "key_type": "NOT A KEY"
            },
            {
              "name": "Servicing_Email__c",
              "datatype": "varchar",
              "precision": 80,
              "scale": 0,
              "nullable": true,
              "key_type": "NOT A KEY"
            },
            {
              "name": "Servicing_Phone__c",
              "datatype": "varchar",
              "precision": 80,
              "scale": 0,
              "nullable": true,
              "key_type": "NOT A KEY"
            },
            {
              "name": "Professional_Credentials__c",
              "datatype": "varchar",
              "precision": 255,
              "scale": 0,
              "nullable": true,
              "key_type": "NOT A KEY"
            },
            {
              "name": "Role_Status_primary_office__c",
              "datatype": "varchar",
              "precision": 100,
              "scale": 0,
              "nullable": true,
              "key_type": "NOT A KEY"
            }
          ],
          "needs_connection": true
        }
      ],
      "targets": [
        {
          "name": "today_party_xform",
          "type": "SQL",
          "database_type": "Microsoft SQL Server",
          "db_name": "",
          "owner_name": "",
          "field_count": 36,
          "needs_destination": true,
          "pyspark_write": "df.write.jdbc(url, 'today_party_xform', properties)",
          "fields": [
            {
              "name": "src_rowid",
              "datatype": "bigint",
              "precision": 19,
              "scale": 0,
              "nullable": false,
              "key_type": "NOT A KEY"
            },
            {
              "name": "org_legal_name",
              "datatype": "nvarchar",
              "precision": 255,
              "scale": 0,
              "nullable": true,
              "key_type": "NOT A KEY"
            },
            {
              "name": "org_name",
              "datatype": "nvarchar",
              "precision": 255,
              "scale": 0,
              "nullable": true,
              "key_type": "NOT A KEY"
            },
            {
              "name": "person_last_name",
              "datatype": "nvarchar",
              "precision": 50,
              "scale": 0,
              "nullable": true,
              "key_type": "NOT A KEY"
            },
            {
              "name": "last_updated_date",
              "datatype": "nvarchar",
              "precision": 23,
              "scale": 0,
              "nullable": true,
              "key_type": "NOT A KEY"
            },
            {
              "name": "source_party_id",
              "datatype": "nvarchar",
              "precision": 255,
              "scale": 0,
              "nullable": true,
              "key_type": "NOT A KEY"
            },
            {
              "name": "person_honorific_id",
              "datatype": "bigint",
              "precision": 19,
              "scale": 0,
              "nullable": true,
              "key_type": "NOT A KEY"
            },
            {
              "name": "person_middle_name",
              "datatype": "nvarchar",
              "precision": 50,
              "scale": 0,
              "nullable": true,
              "key_type": "NOT A KEY"
            },
            {
              "name": "person_gender_id",
              "datatype": "bigint",
              "precision": 19,
              "scale": 0,
              "nullable": true,
              "key_type": "NOT A KEY"
            },
            {
              "name": "office_type_id",
              "datatype": "bigint",
              "precision": 19,
              "scale": 0,
              "nullable": true,
              "key_type": "NOT A KEY"
            },
            {
              "name": "created_by",
              "datatype": "nvarchar",
              "precision": 50,
              "scale": 0,
              "nullable": true,
              "key_type": "NOT A KEY"
            },
            {
              "name": "created_date",
              "datatype": "nvarchar",
              "precision": 23,
              "scale": 0,
              "nullable": true,
              "key_type": "NOT A KEY"
            },
            {
              "name": "source_system",
              "datatype": "nvarchar",
              "precision": 50,
              "scale": 0,
              "nullable": true,
              "key_type": "NOT A KEY"
            },
            {
              "name": "person_pfsnl_crdntls_txt",
              "datatype": "nvarchar",
              "precision": 200,
              "scale": 0,
              "nullable": true,
              "key_type": "NOT A KEY"
            },
            {
              "name": "person_first_name",
              "datatype": "nvarchar",
              "precision": 50,
              "scale": 0,
              "nullable": true,
              "key_type": "NOT A KEY"
            },
            {
              "name": "deleted_indicator",
              "datatype": "nchar",
              "precision": 1,
              "scale": 0,
              "nullable": true,
              "key_type": "NOT A KEY"
            },
            {
              "name": "last_updated_by",
              "datatype": "nvarchar",
              "precision": 50,
              "scale": 0,
              "nullable": true,
              "key_type": "NOT A KEY"
            },
            {
              "name": "person_nickname",
              "datatype": "nvarchar",
              "precision": 50,
              "scale": 0,
              "nullable": true,
              "key_type": "NOT A KEY"
            },
            {
              "name": "group_name",
              "datatype": "nvarchar",
              "precision": 100,
              "scale": 0,
              "nullable": true,
              "key_type": "NOT A KEY"
            },
            {
              "name": "party_status_id",
              "datatype": "bigint",
              "precision": 19,
              "scale": 0,
              "nullable": true,
              "key_type": "NOT A KEY"
            },
            {
              "name": "person_name_suffix_id",
              "datatype": "bigint",
              "precision": 19,
              "scale": 0,
              "nullable": true,
              "key_type": "NOT A KEY"
            },
            {
              "name": "org_business_structure_type_id",
              "datatype": "bigint",
              "precision": 19,
              "scale": 0,
              "nullable": true,
              "key_type": "NOT A KEY"
            },
            {
              "name": "party_type_id",
              "datatype": "bigint",
              "precision": 19,
              "scale": 0,
              "nullable": true,
              "key_type": "NOT A KEY"
            },
            {
              "name": "party_inactivation_date",
              "datatype": "nvarchar",
              "precision": 23,
              "scale": 0,
              "nullable": true,
              "key_type": "NOT A KEY"
            },
            {
              "name": "party_tax_id",
              "datatype": "nvarchar",
              "precision": 50,
              "scale": 0,
              "nullable": true,
              "key_type": "NOT A KEY"
            },
            {
              "name": "group_nickname",
              "datatype": "nvarchar",
              "precision": 100,
              "scale": 0,
              "nullable": true,
              "key_type": "NOT A KEY"
            },
            {
              "name": "MAPPING_NAME",
              "datatype": "nvarchar",
              "precision": 80,
              "scale": 0,
              "nullable": true,
              "key_type": "NOT A KEY"
            },
            {
              "name": "PERSON_NAME_SUFFIX_RAW",
              "datatype": "varchar",
              "precision": 255,
              "scale": 0,
              "nullable": true,
              "key_type": "NOT A KEY"
            },
            {
              "name": "party_inctvtn_rsn_type_id",
              "datatype": "bigint",
              "precision": 19,
              "scale": 0,
              "nullable": true,
              "key_type": "NOT A KEY"
            },
            {
              "name": "DEFERRED_OWNERSHIP_IND",
              "datatype": "nvarchar",
              "precision": 1,
              "scale": 0,
              "nullable": true,
              "key_type": "NOT A KEY"
            },
            {
              "name": "PERSON_MIDDLE_INITIAL",
              "datatype": "char",
              "precision": 1,
              "scale": 0,
              "nullable": true,
              "key_type": "NOT A KEY"
            },
            {
              "name": "MATCHED_ROWID_OBJECT",
              "datatype": "char",
              "precision": 14,
              "scale": 0,
              "nullable": true,
              "key_type": "NOT A KEY"
            },
            {
              "name": "PARTY_QUALIFICATION_LEVEL_ID",
              "datatype": "char",
              "precision": 14,
              "scale": 0,
              "nullable": true,
              "key_type": "NOT A KEY"
            },
            {
              "name": "RIA_COVERAGE_TYPE_ID",
              "datatype": "bigint",
              "precision": 19,
              "scale": 0,
              "nullable": true,
              "key_type": "NOT A KEY"
            },
            {
              "name": "PRSN_JOB_TITLE",
              "datatype": "nvarchar",
              "precision": 255,
              "scale": 0,
              "nullable": true,
              "key_type": "NOT A KEY"
            },
            {
              "name": "CLIENT_GROUP_ID",
              "datatype": "nvarchar",
              "precision": 40,
              "scale": 0,
              "nullable": true,
              "key_type": "NOT A KEY"
            }
          ]
        }
      ],
      "transform_summary": {
        "source_qualifiers": 1,
        "expressions": 1,
        "filters": 2,
        "joiners": 0,
        "lookups": 2,
        "stored_procedures": 1,
        "update_strategies": 0,
        "aggregators": 0,
        "sorters": 0,
        "routers": 0,
        "unions": 0,
        "others": 0
      },
      "transformations": [
        {
          "name": "SQ_pre_land_sfdc_contact1",
          "type": "Source Qualifier",
          "description": "",
          "field_count": 81,
          "pyspark_equivalent": "spark.read.jdbc() / spark.read.format()",
          "fields": [
            {
              "name": "Id",
              "datatype": "string",
              "precision": 18,
              "scale": 0,
              "expression": null,
              "port_type": "INPUT/OUTPUT"
            },
            {
              "name": "IsDeleted",
              "datatype": "string",
              "precision": 10,
              "scale": 0,
              "expression": null,
              "port_type": "INPUT/OUTPUT"
            },
            {
              "name": "AccountId",
              "datatype": "string",
              "precision": 18,
              "scale": 0,
              "expression": null,
              "port_type": "INPUT/OUTPUT"
            },
            {
              "name": "LastName",
              "datatype": "nstring",
              "precision": 80,
              "scale": 0,
              "expression": null,
              "port_type": "INPUT/OUTPUT"
            },
            {
              "name": "FirstName",
              "datatype": "nstring",
              "precision": 40,
              "scale": 0,
              "expression": null,
              "port_type": "INPUT/OUTPUT"
            },
            {
              "name": "Salutation",
              "datatype": "nstring",
              "precision": 40,
              "scale": 0,
              "expression": null,
              "port_type": "INPUT/OUTPUT"
            },
            {
              "name": "Name",
              "datatype": "nstring",
              "precision": 121,
              "scale": 0,
              "expression": null,
              "port_type": "INPUT/OUTPUT"
            },
            {
              "name": "RecordTypeId",
              "datatype": "string",
              "precision": 18,
              "scale": 0,
              "expression": null,
              "port_type": "INPUT/OUTPUT"
            },
            {
              "name": "OtherStreet",
              "datatype": "nstring",
              "precision": 255,
              "scale": 0,
              "expression": null,
              "port_type": "INPUT/OUTPUT"
            },
            {
              "name": "OtherCity",
              "datatype": "nstring",
              "precision": 40,
              "scale": 0,
              "expression": null,
              "port_type": "INPUT/OUTPUT"
            },
            {
              "name": "OtherState",
              "datatype": "nstring",
              "precision": 80,
              "scale": 0,
              "expression": null,
              "port_type": "INPUT/OUTPUT"
            },
            {
              "name": "OtherPostalCode",
              "datatype": "string",
              "precision": 20,
              "scale": 0,
              "expression": null,
              "port_type": "INPUT/OUTPUT"
            },
            {
              "name": "OtherCountry",
              "datatype": "nstring",
              "precision": 80,
              "scale": 0,
              "expression": null,
              "port_type": "INPUT/OUTPUT"
            },
            {
              "name": "MailingStreet",
              "datatype": "nstring",
              "precision": 255,
              "scale": 0,
              "expression": null,
              "port_type": "INPUT/OUTPUT"
            },
            {
              "name": "MailingCity",
              "datatype": "nstring",
              "precision": 40,
              "scale": 0,
              "expression": null,
              "port_type": "INPUT/OUTPUT"
            },
            {
              "name": "MailingState",
              "datatype": "nstring",
              "precision": 80,
              "scale": 0,
              "expression": null,
              "port_type": "INPUT/OUTPUT"
            },
            {
              "name": "MailingPostalCode",
              "datatype": "string",
              "precision": 20,
              "scale": 0,
              "expression": null,
              "port_type": "INPUT/OUTPUT"
            },
            {
              "name": "MailingCountry",
              "datatype": "nstring",
              "precision": 80,
              "scale": 0,
              "expression": null,
              "port_type": "INPUT/OUTPUT"
            },
            {
              "name": "Phone",
              "datatype": "string",
              "precision": 40,
              "scale": 0,
              "expression": null,
              "port_type": "INPUT/OUTPUT"
            },
            {
              "name": "Fax",
              "datatype": "string",
              "precision": 40,
              "scale": 0,
              "expression": null,
              "port_type": "INPUT/OUTPUT"
            },
            {
              "name": "Email",
              "datatype": "string",
              "precision": 80,
              "scale": 0,
              "expression": null,
              "port_type": "INPUT/OUTPUT"
            },
            {
              "name": "CreatedDate",
              "datatype": "string",
              "precision": 29,
              "scale": 0,
              "expression": null,
              "port_type": "INPUT/OUTPUT"
            },
            {
              "name": "CreatedById",
              "datatype": "string",
              "precision": 18,
              "scale": 0,
              "expression": null,
              "port_type": "INPUT/OUTPUT"
            },
            {
              "name": "LastModifiedDate",
              "datatype": "string",
              "precision": 29,
              "scale": 0,
              "expression": null,
              "port_type": "INPUT/OUTPUT"
            },
            {
              "name": "LastModifiedById",
              "datatype": "string",
              "precision": 18,
              "scale": 0,
              "expression": null,
              "port_type": "INPUT/OUTPUT"
            },
            {
              "name": "Contact_Mktg_Email_Restriction__c",
              "datatype": "string",
              "precision": 255,
              "scale": 0,
              "expression": null,
              "port_type": "INPUT/OUTPUT"
            },
            {
              "name": "Contact_Role__c",
              "datatype": "string",
              "precision": 255,
              "scale": 0,
              "expression": null,
              "port_type": "INPUT/OUTPUT"
            },
            {
              "name": "Direct__c",
              "datatype": "string",
              "precision": 1300,
              "scale": 0,
              "expression": null,
              "port_type": "INPUT/OUTPUT"
            },
            {
              "name": "Nickname__c",
              "datatype": "nstring",
              "precision": 50,
              "scale": 0,
              "expression": null,
              "port_type": "INPUT/OUTPUT"
            },
            {
              "name": "Office_ID__c",
              "datatype": "string",
              "precision": 1300,
              "scale": 0,
              "expression": null,
              "port_type": "INPUT/OUTPUT"
            },
            {
              "name": "RP_Classification__c",
              "datatype": "nstring",
              "precision": 255,
              "scale": 0,
              "expression": null,
              "port_type": "INPUT/OUTPUT"
            },
            {
              "name": "RP_Segment__c",
              "datatype": "string",
              "precision": 255,
              "scale": 0,
              "expression": null,
              "port_type": "INPUT/OUTPUT"
            },
            {
              "name": "Sequence_N__c",
              "datatype": "string",
              "precision": 30,
              "scale": 0,
              "expression": null,
              "port_type": "INPUT/OUTPUT"
            },
            {
              "name": "Status__c",
              "datatype": "string",
              "precision": 255,
              "scale": 0,
              "expression": null,
              "port_type": "INPUT/OUTPUT"
            },
            {
              "name": "Type__c",
              "datatype": "string",
              "precision": 255,
              "scale": 0,
              "expression": null,
              "port_type": "INPUT/OUTPUT"
            },
            {
              "name": "RP_Specialist__c",
              "datatype": "string",
              "precision": 10,
              "scale": 0,
              "expression": null,
              "port_type": "INPUT/OUTPUT"
            },
            {
              "name": "Email_Pref_OAG__c",
              "datatype": "string",
              "precision": 10,
              "scale": 0,
              "expression": null,
              "port_type": "INPUT/OUTPUT"
            },
            {
              "name": "Extension__c",
              "datatype": "string",
              "precision": 20,
              "scale": 0,
              "expression": null,
              "port_type": "INPUT/OUTPUT"
            },
            {
              "name": "Middle_Initial__c",
              "datatype": "nstring",
              "precision": 20,
              "scale": 0,
              "expression": null,
              "port_type": "INPUT/OUTPUT"
            },
            {
              "name": "Organization_Type__c",
              "datatype": "string",
              "precision": 1300,
              "scale": 0,
              "expression": null,
              "port_type": "INPUT/OUTPUT"
            },
            {
              "name": "Role_Status__c",
              "datatype": "string",
              "precision": 255,
              "scale": 0,
              "expression": null,
              "port_type": "INPUT/OUTPUT"
            },
            {
              "name": "Retail_Segmentation__c",
              "datatype": "string",
              "precision": 255,
              "scale": 0,
              "expression": null,
              "port_type": "INPUT/OUTPUT"
            },
            {
              "name": "HNW_Segmentation__c",
              "datatype": "string",
              "precision": 255,
              "scale": 0,
              "expression": null,
              "port_type": "INPUT/OUTPUT"
            },
            {
              "name": "Other_Reason_Code_Details__c",
              "datatype": "string",
              "precision": 255,
              "scale": 0,
              "expression": null,
              "port_type": "INPUT/OUTPUT"
            },
            {
              "name": "Reason_Code_Clarification__c",
              "datatype": "string",
              "precision": 255,
              "scale": 0,
              "expression": null,
              "port_type": "INPUT/OUTPUT"
            },
            {
              "name": "Reason_Code__c",
              "datatype": "string",
              "precision": 255,
              "scale": 0,
              "expression": null,
              "port_type": "INPUT/OUTPUT"
            },
            {
              "name": "RecordtypeName",
              "datatype": "string",
              "precision": 80,
              "scale": 0,
              "expression": null,
              "port_type": "INPUT/OUTPUT"
            },
            {
              "name": "CDM_GUID",
              "datatype": "string",
              "precision": 100,
              "scale": 0,
              "expression": null,
              "port_type": "INPUT/OUTPUT"
            },
            {
              "name": "SOURCE_SYSTEM_NAME",
              "datatype": "string",
              "precision": 20,
              "scale": 0,
              "expression": null,
              "port_type": "INPUT/OUTPUT"
            },
            {
              "name": "Rep_CRD__c",
              "datatype": "string",
              "precision": 15,
              "scale": 0,
              "expression": null,
              "port_type": "INPUT/OUTPUT"
            },
            {
              "name": "Createdby_Alias",
              "datatype": "string",
              "precision": 8,
              "scale": 0,
              "expression": null,
              "port_type": "INPUT/OUTPUT"
            },
            {
              "name": "Lastmodifiedby_Alias",
              "datatype": "string",
              "precision": 8,
              "scale": 0,
              "expression": null,
              "port_type": "INPUT/OUTPUT"
            },
            {
              "name": "Primary_Address_Type__c",
              "datatype": "string",
              "precision": 255,
              "scale": 0,
              "expression": null,
              "port_type": "INPUT/OUTPUT"
            },
            {
              "name": "Secondary_Address_Type__c",
              "datatype": "string",
              "precision": 255,
              "scale": 0,
              "expression": null,
              "port_type": "INPUT/OUTPUT"
            },
            {
              "name": "Birthdate",
              "datatype": "string",
              "precision": 29,
              "scale": 0,
              "expression": null,
              "port_type": "INPUT/OUTPUT"
            },
            {
              "name": "Hire_Date__c",
              "datatype": "string",
              "precision": 29,
              "scale": 0,
              "expression": null,
              "port_type": "INPUT/OUTPUT"
            },
            {
              "name": "Alternate_Phone__c",
              "datatype": "string",
              "precision": 40,
              "scale": 0,
              "expression": null,
              "port_type": "INPUT/OUTPUT"
            },
            {
              "name": "Alternate_Email__c",
              "datatype": "string",
              "precision": 80,
              "scale": 0,
              "expression": null,
              "port_type": "INPUT/OUTPUT"
            },
            {
              "name": "Dealer_Advisor_Segmentation__c",
              "datatype": "string",
              "precision": 255,
              "scale": 0,
              "expression": null,
              "port_type": "INPUT/OUTPUT"
            },
            {
              "name": "Dealer_Segment__c",
              "datatype": "nstring",
              "precision": 255,
              "scale": 0,
              "expression": null,
              "port_type": "INPUT/OUTPUT"
            },
            {
              "name": "Advisory_Segmentation__c",
              "datatype": "string",
              "precision": 255,
              "scale": 0,
              "expression": null,
              "port_type": "INPUT/OUTPUT"
            },
            {
              "name": "Advisory_Reason_Code__c",
              "datatype": "string",
              "precision": 255,
              "scale": 0,
              "expression": null,
              "port_type": "INPUT/OUTPUT"
            },
            {
              "name": "Advisory_Reason_Code_Clarification__c",
              "datatype": "string",
              "precision": 255,
              "scale": 0,
              "expression": null,
              "port_type": "INPUT/OUTPUT"
            },
            {
              "name": "Advisory_Other_Reason_Code_Details__c",
              "datatype": "string",
              "precision": 255,
              "scale": 0,
              "expression": null,
              "port_type": "INPUT/OUTPUT"
            },
            {
              "name": "ARL_Contact_Classification__c",
              "datatype": "string",
              "precision": 255,
              "scale": 0,
              "expression": null,
              "port_type": "INPUT/OUTPUT"
            },
            {
              "name": "Ins_Contact_Rating__c",
              "datatype": "string",
              "precision": 255,
              "scale": 0,
              "expression": null,
              "port_type": "INPUT/OUTPUT"
            },
            {
              "name": "Segmentation_1__c",
              "datatype": "string",
              "precision": 50,
              "scale": 0,
              "expression": null,
              "port_type": "INPUT/OUTPUT"
            },
            {
              "name": "Segmentation_2__c",
              "datatype": "string",
              "precision": 50,
              "scale": 0,
              "expression": null,
              "port_type": "INPUT/OUTPUT"
            },
            {
              "name": "Segmentation_3__c",
              "datatype": "string",
              "precision": 50,
              "scale": 0,
              "expression": null,
              "port_type": "INPUT/OUTPUT"
            },
            {
              "name": "Segmentation_4__c",
              "datatype": "string",
              "precision": 50,
              "scale": 0,
              "expression": null,
              "port_type": "INPUT/OUTPUT"
            },
            {
              "name": "CIAM_Prospect_Level__c",
              "datatype": "string",
              "precision": 255,
              "scale": 0,
              "expression": null,
              "port_type": "INPUT/OUTPUT"
            },
            {
              "name": "Insurance_Partner_ID",
              "datatype": "string",
              "precision": 25,
              "scale": 0,
              "expression": null,
              "port_type": "INPUT/OUTPUT"
            },
            {
              "name": "Local_Suffix__c",
              "datatype": "string",
              "precision": 15,
              "scale": 0,
              "expression": null,
              "port_type": "INPUT/OUTPUT"
            },
            {
              "name": "Org_Office_Roles__c",
              "datatype": "string",
              "precision": 4099,
              "scale": 0,
              "expression": null,
              "port_type": "INPUT/OUTPUT"
            },
            {
              "name": "Primary_Contact_Role__c",
              "datatype": "string",
              "precision": 255,
              "scale": 0,
              "expression": null,
              "port_type": "INPUT/OUTPUT"
            },
            {
              "name": "Parent_Recordtype_Name",
              "datatype": "string",
              "precision": 80,
              "scale": 0,
              "expression": null,
              "port_type": "INPUT/OUTPUT"
            },
            {
              "name": "suffix__c",
              "datatype": "nstring",
              "precision": 255,
              "scale": 0,
              "expression": null,
              "port_type": "INPUT/OUTPUT"
            },
            {
              "name": "Professional_Credentials__c",
              "datatype": "string",
              "precision": 255,
              "scale": 0,
              "expression": null,
              "port_type": "INPUT/OUTPUT"
            },
            {
              "name": "Role_Status_primary_office__c",
              "datatype": "string",
              "precision": 100,
              "scale": 0,
              "expression": null,
              "port_type": "INPUT/OUTPUT"
            },
            {
              "name": "Client_Group_C",
              "datatype": "nstring",
              "precision": 100,
              "scale": 0,
              "expression": null,
              "port_type": "INPUT/OUTPUT"
            },
            {
              "name": "Title",
              "datatype": "nstring",
              "precision": 255,
              "scale": 0,
              "expression": null,
              "port_type": "INPUT/OUTPUT"
            }
          ],
          "attributes": {}
        },
        {
          "name": "SP_LKP_LOAD_TOTAL_ERROR_INFO",
          "type": "Stored Procedure",
          "description": "",
          "field_count": 9,
          "pyspark_equivalent": "spark.sql() / Custom UDF",
          "fields": [
            {
              "name": "src_val",
              "datatype": "string",
              "precision": 500,
              "scale": 0,
              "expression": null,
              "port_type": "INPUT"
            },
            {
              "name": "src_party_id",
              "datatype": "nstring",
              "precision": 250,
              "scale": 0,
              "expression": null,
              "port_type": "INPUT"
            },
            {
              "name": "src_spec_xfrm_id",
              "datatype": "nstring",
              "precision": 250,
              "scale": 0,
              "expression": null,
              "port_type": "INPUT"
            },
            {
              "name": "attrib_nm",
              "datatype": "nstring",
              "precision": 100,
              "scale": 0,
              "expression": null,
              "port_type": "INPUT"
            },
            {
              "name": "created_date",
              "datatype": "nstring",
              "precision": 500,
              "scale": 0,
              "expression": null,
              "port_type": "INPUT"
            },
            {
              "name": "src_system",
              "datatype": "string",
              "precision": 5,
              "scale": 0,
              "expression": null,
              "port_type": "INPUT"
            },
            {
              "name": "etlname",
              "datatype": "nstring",
              "precision": 500,
              "scale": 0,
              "expression": null,
              "port_type": "INPUT"
            },
            {
              "name": "error_msg",
              "datatype": "nstring",
              "precision": 500,
              "scale": 0,
              "expression": null,
              "port_type": "INPUT"
            },
            {
              "name": "dw_pgm_name",
              "datatype": "nstring",
              "precision": 500,
              "scale": 0,
              "expression": null,
              "port_type": "INPUT"
            }
          ],
          "attributes": {}
        },
        {
          "name": "FILTRANS1",
          "type": "Filter",
          "description": "",
          "field_count": 26,
          "pyspark_equivalent": "df.filter() / df.where()",
          "fields": [
            {
              "name": "Out_ID",
              "datatype": "nstring",
              "precision": 255,
              "scale": 0,
              "expression": null,
              "port_type": "INPUT/OUTPUT"
            },
            {
              "name": "CreatedDate",
              "datatype": "string",
              "precision": 29,
              "scale": 0,
              "expression": null,
              "port_type": "INPUT/OUTPUT"
            },
            {
              "name": "CreatedBy_alias",
              "datatype": "nstring",
              "precision": 50,
              "scale": 0,
              "expression": null,
              "port_type": "INPUT/OUTPUT"
            },
            {
              "name": "LastModifiedDate",
              "datatype": "string",
              "precision": 29,
              "scale": 0,
              "expression": null,
              "port_type": "INPUT/OUTPUT"
            },
            {
              "name": "LastModified_Alias",
              "datatype": "string",
              "precision": 50,
              "scale": 0,
              "expression": null,
              "port_type": "INPUT/OUTPUT"
            },
            {
              "name": "SOURCE_SYSTEM_NAME",
              "datatype": "nstring",
              "precision": 50,
              "scale": 0,
              "expression": null,
              "port_type": "INPUT/OUTPUT"
            },
            {
              "name": "Middle_Initial__c",
              "datatype": "nstring",
              "precision": 50,
              "scale": 0,
              "expression": null,
              "port_type": "INPUT/OUTPUT"
            },
            {
              "name": "FirstName",
              "datatype": "nstring",
              "precision": 40,
              "scale": 0,
              "expression": null,
              "port_type": "INPUT/OUTPUT"
            },
            {
              "name": "LastName",
              "datatype": "nstring",
              "precision": 80,
              "scale": 0,
              "expression": null,
              "port_type": "INPUT/OUTPUT"
            },
            {
              "name": "Nickname__c",
              "datatype": "string",
              "precision": 50,
              "scale": 0,
              "expression": null,
              "port_type": "INPUT/OUTPUT"
            },
            {
              "name": "PERSON_HONORIFIC_ID",
              "datatype": "bigint",
              "precision": 19,
              "scale": 0,
              "expression": null,
              "port_type": "INPUT/OUTPUT"
            },
            {
              "name": "PARTY_STATUS_ID",
              "datatype": "bigint",
              "precision": 19,
              "scale": 0,
              "expression": null,
              "port_type": "INPUT/OUTPUT"
            },
            {
              "name": "PARTY_TYPE_ID",
              "datatype": "bigint",
              "precision": 19,
              "scale": 0,
              "expression": null,
              "port_type": "INPUT/OUTPUT"
            },
            {
              "name": "Out_Sequence_N__c",
              "datatype": "string",
              "precision": 50,
              "scale": 0,
              "expression": null,
              "port_type": "INPUT/OUTPUT"
            },
            {
              "name": "suffix__c",
              "datatype": "nstring",
              "precision": 255,
              "scale": 0,
              "expression": null,
              "port_type": "INPUT/OUTPUT"
            },
            {
              "name": "PERSON_PFSNL_CRDNTLS_TXT",
              "datatype": "string",
              "precision": 255,
              "scale": 0,
              "expression": null,
              "port_type": "INPUT/OUTPUT"
            },
            {
              "name": "MAPPING_NAME",
              "datatype": "string",
              "precision": 80,
              "scale": 0,
              "expression": null,
              "port_type": "INPUT/OUTPUT"
            },
            {
              "name": "Parent_Recordtype_Name",
              "datatype": "string",
              "precision": 80,
              "scale": 0,
              "expression": null,
              "port_type": "INPUT/OUTPUT"
            },
            {
              "name": "LookupSOFIDORIS",
              "datatype": "string",
              "precision": 80,
              "scale": 0,
              "expression": null,
              "port_type": "INPUT/OUTPUT"
            },
            {
              "name": "Professional_Credentials__c",
              "datatype": "string",
              "precision": 255,
              "scale": 0,
              "expression": null,
              "port_type": "INPUT/OUTPUT"
            },
            {
              "name": "party_inctvtn_rsn_type_id",
              "datatype": "bigint",
              "precision": 19,
              "scale": 0,
              "expression": null,
              "port_type": "INPUT/OUTPUT"
            },
            {
              "name": "DEFERRED_OWNERSHIP_IND_Out",
              "datatype": "nstring",
              "precision": 1,
              "scale": 0,
              "expression": null,
              "port_type": "INPUT/OUTPUT"
            },
            {
              "name": "PERSON_MIDDLE_INITIAL",
              "datatype": "string",
              "precision": 1,
              "scale": 0,
              "expression": null,
              "port_type": "INPUT/OUTPUT"
            },
            {
              "name": "PARTY_QUALIFICATION_LEVEL_ID",
              "datatype": "nstring",
              "precision": 14,
              "scale": 0,
              "expression": null,
              "port_type": "INPUT/OUTPUT"
            },
            {
              "name": "Client_Group_id",
              "datatype": "bigint",
              "precision": 19,
              "scale": 0,
              "expression": null,
              "port_type": "INPUT/OUTPUT"
            },
            {
              "name": "Title",
              "datatype": "nstring",
              "precision": 255,
              "scale": 0,
              "expression": null,
              "port_type": "INPUT/OUTPUT"
            }
          ],
          "attributes": {}
        },
        {
          "name": "TODAY_PARTY_XFORM_LOOKUP",
          "type": "Lookup Procedure",
          "description": "",
          "field_count": 3,
          "pyspark_equivalent": "df.join() with broadcast",
          "fields": [
            {
              "name": "SOURCE_PARTY_ID",
              "datatype": "nstring",
              "precision": 255,
              "scale": 0,
              "expression": null,
              "port_type": "LOOKUP/OUTPUT"
            },
            {
              "name": "SOURCE_SYSTEM",
              "datatype": "nstring",
              "precision": 50,
              "scale": 0,
              "expression": null,
              "port_type": "LOOKUP/RETURN/OUTPUT"
            },
            {
              "name": "IN_Id",
              "datatype": "string",
              "precision": 25,
              "scale": 0,
              "expression": null,
              "port_type": "INPUT"
            }
          ],
          "attributes": {}
        },
        {
          "name": "EXP",
          "type": "Expression",
          "description": "",
          "field_count": 45,
          "pyspark_equivalent": "df.withColumn() / df.select()",
          "fields": [
            {
              "name": "Id",
              "datatype": "string",
              "precision": 18,
              "scale": 0,
              "expression": null,
              "port_type": "INPUT"
            },
            {
              "name": "Out_ID",
              "datatype": "nstring",
              "precision": 255,
              "scale": 0,
              "expression": "'PER_'||Id",
              "port_type": "OUTPUT"
            },
            {
              "name": "CreatedDate",
              "datatype": "string",
              "precision": 29,
              "scale": 0,
              "expression": "CreatedDate",
              "port_type": "INPUT/OUTPUT"
            },
            {
              "name": "CreatedBy_alias",
              "datatype": "nstring",
              "precision": 50,
              "scale": 0,
              "expression": "CreatedBy_alias",
              "port_type": "INPUT/OUTPUT"
            },
            {
              "name": "LastModifiedDate",
              "datatype": "string",
              "precision": 29,
              "scale": 0,
              "expression": "LastModifiedDate",
              "port_type": "INPUT/OUTPUT"
            },
            {
              "name": "LastModified_Alias",
              "datatype": "string",
              "precision": 50,
              "scale": 0,
              "expression": "LastModified_Alias",
              "port_type": "INPUT/OUTPUT"
            },
            {
              "name": "SOURCE_SYSTEM_NAME",
              "datatype": "nstring",
              "precision": 50,
              "scale": 0,
              "expression": "SOURCE_SYSTEM_NAME",
              "port_type": "INPUT/OUTPUT"
            },
            {
              "name": "Middle_Initial__c",
              "datatype": "nstring",
              "precision": 50,
              "scale": 0,
              "expression": "Middle_Initial__c",
              "port_type": "INPUT/OUTPUT"
            },
            {
              "name": "FirstName",
              "datatype": "nstring",
              "precision": 40,
              "scale": 0,
              "expression": "FirstName",
              "port_type": "INPUT/OUTPUT"
            },
            {
              "name": "LastName",
              "datatype": "nstring",
              "precision": 80,
              "scale": 0,
              "expression": "LastName",
              "port_type": "INPUT/OUTPUT"
            },
            {
              "name": "Nickname__c",
              "datatype": "string",
              "precision": 50,
              "scale": 0,
              "expression": "Nickname__c",
              "port_type": "INPUT/OUTPUT"
            },
            {
              "name": "Salutation",
              "datatype": "nstring",
              "precision": 40,
              "scale": 0,
              "expression": null,
              "port_type": "INPUT"
            },
            {
              "name": "Salutation_original_var",
              "datatype": "nstring",
              "precision": 120,
              "scale": 0,
              "expression": "Salutation",
              "port_type": "LOCAL VARIABLE"
            },
            {
              "name": "salutation_var",
              "datatype": "integer",
              "precision": 10,
              "scale": 0,
              "expression": ":LKP.lkp_values(ltrim(rtrim(Salutation)),'PERSON_HONORIFIC_ID')",
              "port_type": "LOCAL VARIABLE"
            },
            {
              "name": "salutation_var2",
              "datatype": "integer",
              "precision": 10,
              "scale": 0,
              "expression": "iif(isnull(Salutation),NULL,iif(isnull(salutation_var),9999,salutation_var))",
              "port_type": "LOCAL VARIABLE"
            },
            {
              "name": "PERSON_HONORIFIC_ID",
              "datatype": "bigint",
              "precision": 19,
              "scale": 0,
              "expression": "salutation_var2",
              "port_type": "OUTPUT"
            },
            {
              "name": "Status__c",
              "datatype": "string",
              "precision": 255,
              "scale": 0,
              "expression": null,
              "port_type": "INPUT"
            },
            {
              "name": "V_STATUS_NAME",
              "datatype": "string",
              "precision": 50,
              "scale": 0,
              "expression": "--DECODE(TRUE\r\n--,Role_Status_primary_office__c='Not in Compliance','Inactive'\r\n--,Role_Status_primary_office__c='Deceased','Inactive'\r\n-- ,Status__c\r\n--,'Active'\r\n--)\r\nltrim(rtrim(Status__c))",
              "port_type": "LOCAL VARIABLE"
            },
            {
              "name": "Status__var",
              "datatype": "integer",
              "precision": 10,
              "scale": 0,
              "expression": ":LKP.lkp_values(ltrim(rtrim(V_STATUS_NAME)),'PARTY_STATUS_ID')",
              "port_type": "LOCAL VARIABLE"
            },
            {
              "name": "status__var2",
              "datatype": "integer",
              "precision": 10,
              "scale": 0,
              "expression": "iif(isnull(Status__c),NULL,iif(isnull(Status__var),9999,Status__var))",
              "port_type": "LOCAL VARIABLE"
            },
            {
              "name": "PARTY_STATUS_ID",
              "datatype": "bigint",
              "precision": 19,
              "scale": 0,
              "expression": "status__var2",
              "port_type": "OUTPUT"
            },
            {
              "name": "Var_Type_ID",
              "datatype": "integer",
              "precision": 10,
              "scale": 0,
              "expression": ":LKP.lkp_values('Person','PARTY_TYPE_ID')",
              "port_type": "LOCAL VARIABLE"
            },
            {
              "name": "PARTY_TYPE_ID",
              "datatype": "bigint",
              "precision": 19,
              "scale": 0,
              "expression": "iif(isnull(Var_Type_ID),9999,Var_Type_ID)",
              "port_type": "OUTPUT"
            },
            {
              "name": "Sequence_N__c",
              "datatype": "string",
              "precision": 30,
              "scale": 0,
              "expression": null,
              "port_type": "INPUT"
            },
            {
              "name": "Out_Sequence_N__c",
              "datatype": "string",
              "precision": 50,
              "scale": 0,
              "expression": "iif(isnull(Sequence_N__c),NULL,'PER_'||Sequence_N__c)",
              "port_type": "OUTPUT"
            },
            {
              "name": "RecordtypeName",
              "datatype": "string",
              "precision": 80,
              "scale": 0,
              "expression": null,
              "port_type": "INPUT"
            },
            {
              "name": "suffix__c",
              "datatype": "nstring",
              "precision": 255,
              "scale": 0,
              "expression": "suffix__c",
              "port_type": "INPUT/OUTPUT"
            },
            {
              "name": "PERSON_PFSNL_CRDNTLS_TXT",
              "datatype": "string",
              "precision": 255,
              "scale": 0,
              "expression": "ltrim(rtrim(suffix__c))",
              "port_type": "OUTPUT"
            },
            {
              "name": "MAPPING_NAME",
              "datatype": "string",
              "precision": 80,
              "scale": 0,
              "expression": "$PMMappingName",
              "port_type": "OUTPUT"
            },
            {
              "name": "Parent_Recordtype_Name",
              "datatype": "string",
              "precision": 80,
              "scale": 0,
              "expression": "Parent_Recordtype_Name",
              "port_type": "INPUT/OUTPUT"
            },
            {
              "name": "LookupSOFIDORIS",
              "datatype": "string",
              "precision": 80,
              "scale": 0,
              "expression": ":LKP.TODAY_PARTY_XFORM_LOOKUP('PER_'||Sequence_N__c)",
              "port_type": "LOCAL VARIABLE"
            },
            {
              "name": "LookupSOFIDORIS_out",
              "datatype": "string",
              "precision": 80,
              "scale": 0,
              "expression": "LookupSOFIDORIS",
              "port_type": "OUTPUT"
            },
            {
              "name": "Professional_Credentials__c",
              "datatype": "string",
              "precision": 255,
              "scale": 0,
              "expression": "Professional_Credentials__c",
              "port_type": "INPUT/OUTPUT"
            },
            {
              "name": "Role_Status_primary_office__c",
              "datatype": "string",
              "precision": 100,
              "scale": 0,
              "expression": null,
              "port_type": "INPUT"
            },
            {
              "name": "V_party_inctvtn_rsn_type_name",
              "datatype": "string",
              "precision": 50,
              "scale": 0,
              "expression": "DECODE(TRUE\r\n,Role_Status_primary_office__c='Not in Compliance','Compliance'\r\n,Role_Status_primary_office__c='Deceased','Deceased'\r\n,NULL)",
              "port_type": "LOCAL VARIABLE"
            },
            {
              "name": "V_party_inctvtn_rsn_type_lookup_id",
              "datatype": "string",
              "precision": 50,
              "scale": 0,
              "expression": ":LKP.lkp_values(V_party_inctvtn_rsn_type_name,'PARTY_INACTIVATION_REASON_TYPE')",
              "port_type": "LOCAL VARIABLE"
            },
            {
              "name": "party_inctvtn_rsn_type_id",
              "datatype": "bigint",
              "precision": 19,
              "scale": 0,
              "expression": "DECODE(TRUE ,NOT ISNULL(V_party_inctvtn_rsn_type_lookup_id),V_party_inctvtn_rsn_type_lookup_id ,ISNULL(V_party_inctvtn_rsn_type_lookup_id) AND ISNULL(V_party_inctvtn_rsn_type_name),NULL ,'9999' )",
              "port_type": "OUTPUT"
            },
            {
              "name": "V_CHK_PERSON_HONORIFIC_ID",
              "datatype": "string",
              "precision": 10,
              "scale": 0,
              "expression": "IIF (salutation_var2 = 9999,:SP.SP_LKP_LOAD_TOTAL_ERROR_INFO(Salutation,'PER_'||Id,'PER_'||Id, 'PERSON_HONORIFIC_ID',CreatedDate,SOURCE_SYSTEM_NAME, 'wf_landing_sfdc_to_cdm_contact_party','Lookup NULL Record', 'wf_landing_sfdc_to_cdm_contact_party'),NULL)",
              "port_type": "LOCAL VARIABLE"
            },
            {
              "name": "DEFERRED_OWNERSHIP_IND_Out",
              "datatype": "nstring",
              "precision": 1,
              "scale": 0,
              "expression": "IIF(IN(ltrim(rtrim(Parent_Recordtype_Name)),'Retail Office RO','CIAM Office RO','Financial Intermediary','NT Advisory Office RO') ,'Y','N')\r\n\r\n--IIF(NOT ISNULL(LookupSOFIDORIS),'Y','N')",
              "port_type": "OUTPUT"
            },
            {
              "name": "PERSON_MIDDLE_INITIAL",
              "datatype": "string",
              "precision": 1,
              "scale": 0,
              "expression": "SUBSTR(LTRIM(Middle_Initial__c),1,1)",
              "port_type": "OUTPUT"
            },
            {
              "name": "V_PARTY_QUALIFICATION_LEVEL_ID",
              "datatype": "nstring",
              "precision": 14,
              "scale": 0,
              "expression": ":LKP.LKP_VALUES('Fully-Qualified','PARTY_QUALIFICATION_LEVEL_ID')",
              "port_type": "LOCAL VARIABLE"
            },
            {
              "name": "O_PARTY_QUALIFICATION_LEVEL_ID",
              "datatype": "nstring",
              "precision": 14,
              "scale": 0,
              "expression": "V_PARTY_QUALIFICATION_LEVEL_ID",
              "port_type": "OUTPUT"
            },
            {
              "name": "Client_Group_C",
              "datatype": "nstring",
              "precision": 100,
              "scale": 0,
              "expression": null,
              "port_type": "INPUT"
            },
            {
              "name": "Client_Group_id",
              "datatype": "bigint",
              "precision": 19,
              "scale": 0,
              "expression": ":LKP.LKP_VALUES(ltrim(rtrim(Client_Group_C)),'CLIENT_GROUP_ID')",
              "port_type": "OUTPUT"
            },
            {
              "name": "Title",
              "datatype": "nstring",
              "precision": 255,
              "scale": 0,
              "expression": "Title",
              "port_type": "INPUT/OUTPUT"
            }
          ],
          "attributes": {}
        },
        {
          "name": "FILTRANS",
          "type": "Filter",
          "description": "",
          "field_count": 21,
          "pyspark_equivalent": "df.filter() / df.where()",
          "fields": [
            {
              "name": "Id",
              "datatype": "string",
              "precision": 18,
              "scale": 0,
              "expression": null,
              "port_type": "INPUT/OUTPUT"
            },
            {
              "name": "CreatedDate",
              "datatype": "string",
              "precision": 29,
              "scale": 0,
              "expression": null,
              "port_type": "INPUT/OUTPUT"
            },
            {
              "name": "CreatedBy_Alias",
              "datatype": "string",
              "precision": 18,
              "scale": 0,
              "expression": null,
              "port_type": "INPUT/OUTPUT"
            },
            {
              "name": "LastModifiedDate",
              "datatype": "string",
              "precision": 29,
              "scale": 0,
              "expression": null,
              "port_type": "INPUT/OUTPUT"
            },
            {
              "name": "LastModified_Alias",
              "datatype": "string",
              "precision": 18,
              "scale": 0,
              "expression": null,
              "port_type": "INPUT/OUTPUT"
            },
            {
              "name": "SOURCE_SYSTEM_NAME",
              "datatype": "string",
              "precision": 20,
              "scale": 0,
              "expression": null,
              "port_type": "INPUT/OUTPUT"
            },
            {
              "name": "IsDeleted",
              "datatype": "string",
              "precision": 10,
              "scale": 0,
              "expression": null,
              "port_type": "INPUT/OUTPUT"
            },
            {
              "name": "Middle_Initial__c",
              "datatype": "string",
              "precision": 20,
              "scale": 0,
              "expression": null,
              "port_type": "INPUT/OUTPUT"
            },
            {
              "name": "FirstName",
              "datatype": "nstring",
              "precision": 40,
              "scale": 0,
              "expression": null,
              "port_type": "INPUT/OUTPUT"
            },
            {
              "name": "LastName",
              "datatype": "nstring",
              "precision": 80,
              "scale": 0,
              "expression": null,
              "port_type": "INPUT/OUTPUT"
            },
            {
              "name": "Nickname__c",
              "datatype": "string",
              "precision": 50,
              "scale": 0,
              "expression": null,
              "port_type": "INPUT/OUTPUT"
            },
            {
              "name": "Salutation",
              "datatype": "nstring",
              "precision": 40,
              "scale": 0,
              "expression": null,
              "port_type": "INPUT/OUTPUT"
            },
            {
              "name": "Status__c",
              "datatype": "string",
              "precision": 255,
              "scale": 0,
              "expression": null,
              "port_type": "INPUT/OUTPUT"
            },
            {
              "name": "Sequence_N__c",
              "datatype": "string",
              "precision": 30,
              "scale": 0,
              "expression": null,
              "port_type": "INPUT/OUTPUT"
            },
            {
              "name": "MailingCountry",
              "datatype": "nstring",
              "precision": 80,
              "scale": 0,
              "expression": null,
              "port_type": "INPUT/OUTPUT"
            },
            {
              "name": "Parent_Recordtype_Name",
              "datatype": "string",
              "precision": 80,
              "scale": 0,
              "expression": null,
              "port_type": "INPUT/OUTPUT"
            },
            {
              "name": "suffix__c",
              "datatype": "nstring",
              "precision": 255,
              "scale": 0,
              "expression": null,
              "port_type": "INPUT/OUTPUT"
            },
            {
              "name": "Professional_Credentials__c",
              "datatype": "string",
              "precision": 255,
              "scale": 0,
              "expression": null,
              "port_type": "INPUT/OUTPUT"
            },
            {
              "name": "Role_Status_primary_office__c",
              "datatype": "string",
              "precision": 100,
              "scale": 0,
              "expression": null,
              "port_type": "INPUT/OUTPUT"
            },
            {
              "name": "Client_Group_C",
              "datatype": "nstring",
              "precision": 100,
              "scale": 0,
              "expression": null,
              "port_type": "INPUT/OUTPUT"
            },
            {
              "name": "Title",
              "datatype": "nstring",
              "precision": 255,
              "scale": 0,
              "expression": null,
              "port_type": "INPUT/OUTPUT"
            }
          ],
          "attributes": {}
        },
        {
          "name": "lkp_values",
          "type": "Lookup Procedure",
          "description": "",
          "field_count": 6,
          "pyspark_equivalent": "df.join() with broadcast",
          "fields": [
            {
              "name": "src_val_in",
              "datatype": "nstring",
              "precision": 10,
              "scale": 0,
              "expression": null,
              "port_type": "INPUT"
            },
            {
              "name": "attrib_nm_in",
              "datatype": "string",
              "precision": 10,
              "scale": 0,
              "expression": null,
              "port_type": "INPUT"
            },
            {
              "name": "src_sys_nm",
              "datatype": "string",
              "precision": 100,
              "scale": 0,
              "expression": null,
              "port_type": "LOOKUP/OUTPUT"
            },
            {
              "name": "attrib_nm",
              "datatype": "string",
              "precision": 100,
              "scale": 0,
              "expression": null,
              "port_type": "LOOKUP/OUTPUT"
            },
            {
              "name": "src_val",
              "datatype": "nstring",
              "precision": 100,
              "scale": 0,
              "expression": null,
              "port_type": "LOOKUP/OUTPUT"
            },
            {
              "name": "std_lkup_id",
              "datatype": "integer",
              "precision": 10,
              "scale": 0,
              "expression": null,
              "port_type": "LOOKUP/RETURN/OUTPUT"
            }
          ],
          "attributes": {}
        }
      ],
      "main_flow": [
        {
          "instance_name": "SP_LKP_LOAD_TOTAL_ERROR_INFO",
          "instance_type": "TRANSFORMATION",
          "order": 0
        },
        {
          "instance_name": "TODAY_PARTY_XFORM_LOOKUP",
          "instance_type": "TRANSFORMATION",
          "order": 1
        },
        {
          "instance_name": "lkp_values",
          "instance_type": "TRANSFORMATION",
          "order": 2
        },
        {
          "instance_name": "pre_land_sfdc_contact1",
          "instance_type": "SOURCE",
          "order": 3
        },
        {
          "instance_name": "SQ_pre_land_sfdc_contact1",
          "instance_type": "TRANSFORMATION",
          "order": 4
        },
        {
          "instance_name": "FILTRANS",
          "instance_type": "TRANSFORMATION",
          "order": 5
        },
        {
          "instance_name": "EXP",
          "instance_type": "TRANSFORMATION",
          "order": 6
        },
        {
          "instance_name": "FILTRANS1",
          "instance_type": "TRANSFORMATION",
          "order": 7
        },
        {
          "instance_name": "TODAY_PARTY_XFORM1",
          "instance_type": "TARGET",
          "order": 8
        }
      ],
      "detached_lookups": [],
      "detached_sps": [],
      "expression_analysis": {
        "lookups": [
          {
            "lookup_name": "lkp_values",
            "input_ports": [
              "ltrim(rtrim(Salutation"
            ],
            "output_ports": [],
            "condition": ""
          },
          {
            "lookup_name": "TODAY_PARTY_XFORM_LOOKUP",
            "input_ports": [
              "'PER_'||Sequence_N__c"
            ],
            "output_ports": [],
            "condition": ""
          },
          {
            "lookup_name": "LKP_VALUES",
            "input_ports": [
              "'Fully-Qualified'",
              "'PARTY_QUALIFICATION_LEVEL_ID'"
            ],
            "output_ports": [],
            "condition": ""
          }
        ],
        "stored_procs": [
          {
            "sp_name": "SP_LKP_LOAD_TOTAL_ERROR_INFO",
            "input_ports": [
              "Salutation",
              "'PER_'||Id",
              "'PER_'||Id",
              "'PERSON_HONORIFIC_ID'",
              "CreatedDate",
              "SOURCE_SYSTEM_NAME",
              "'wf_landing_sfdc_to_cdm_contact_party'",
              "'Lookup NULL Record'",
              "'wf_landing_sfdc_to_cdm_contact_party'"
            ],
            "output_ports": []
          }
        ],
        "pm_variables": [
          "$PMMappingName"
        ],
        "unknown_references": []
      },
      "required_user_inputs": [
        {
          "type": "connection",
          "source_name": "pre_land_sfdc_contact",
          "label": "Database connection for pre_land_sfdc_contact",
          "db_name": "CDM_SQL_PRE_LANDING_SRC",
          "database_type": "Microsoft SQL Server"
        },
        {
          "type": "target_config",
          "target_name": "today_party_xform",
          "label": "Target configuration for today_party_xform",
          "needs": [
            "format",
            "destination",
            "write_mode"
          ]
        }
      ],
      "flow_text": "pre_land_sfdc_contact1 (SRC) -> SQ_pre_land_sfdc_contact1 (TRA) -> FILTRANS (TRA) -> EXP (TRA) -> FILTRANS1 (TRA) -> TODAY_PARTY_XFORM1 (TGT)"
    }
  ],
  "warnings": [],
  "errors": []
}