{
  "xml_type": "POWERMART",
  "folder_name": "CDM_DEV3_SFDC",
  "repository_name": "pc105_repo_dev2_3",
  "mapping_count": 1,
  "mappings": [
    {
      "mapping_name": "m_landing_sfdc_to_cdm_contact_party_role",
      "sources": [
        {
          "name": "pre_land_sfdc_contact",
          "type": "SQL",
          "database_type": "Microsoft SQL Server",
          "db_name": "CDM_SQL_PRE_LANDING_SRC",
          "owner_name": "dbo",
          "field_count": 85,
          "confidence": "high",
          "fields": [
            {
              "name": "Id",
              "datatype": "nvarchar",
              "precision": 18,
              "scale": 0,
              "nullable": true,
              "key_type": "NOT A KEY"
            },
            {
              "name": "IsDeleted",
              "datatype": "nvarchar",
              "precision": 10,
              "scale": 0,
              "nullable": true,
              "key_type": "NOT A KEY"
            },
            {
              "name": "AccountId",
              "datatype": "nvarchar",
              "precision": 18,
              "scale": 0,
              "nullable": true,
              "key_type": "NOT A KEY"
            },
            {
              "name": "LastName",
              "datatype": "nvarchar",
              "precision": 80,
              "scale": 0,
              "nullable": true,
              "key_type": "NOT A KEY"
            },
            {
              "name": "FirstName",
              "datatype": "nvarchar",
              "precision": 40,
              "scale": 0,
              "nullable": true,
              "key_type": "NOT A KEY"
            },
            {
              "name": "Salutation",
              "datatype": "nvarchar",
              "precision": 40,
              "scale": 0,
              "nullable": true,
              "key_type": "NOT A KEY"
            },
            {
              "name": "Name",
              "datatype": "nvarchar",
              "precision": 121,
              "scale": 0,
              "nullable": true,
              "key_type": "NOT A KEY"
            },
            {
              "name": "RecordTypeId",
              "datatype": "nvarchar",
              "precision": 18,
              "scale": 0,
              "nullable": true,
              "key_type": "NOT A KEY"
            },
            {
              "name": "OtherStreet",
              "datatype": "nvarchar",
              "precision": 255,
              "scale": 0,
              "nullable": true,
              "key_type": "NOT A KEY"
            },
            {
              "name": "OtherCity",
              "datatype": "nvarchar",
              "precision": 40,
              "scale": 0,
              "nullable": true,
              "key_type": "NOT A KEY"
            },
            {
              "name": "OtherState",
              "datatype": "nvarchar",
              "precision": 80,
              "scale": 0,
              "nullable": true,
              "key_type": "NOT A KEY"
            },
            {
              "name": "OtherPostalCode",
              "datatype": "nvarchar",
              "precision": 20,
              "scale": 0,
              "nullable": true,
              "key_type": "NOT A KEY"
            },
            {
              "name": "OtherCountry",
              "datatype": "nvarchar",
              "precision": 80,
              "scale": 0,
              "nullable": true,
              "key_type": "NOT A KEY"
            },
            {
              "name": "MailingStreet",
              "datatype": "nvarchar",
              "precision": 255,
              "scale": 0,
              "nullable": true,
              "key_type": "NOT A KEY"
            },
            {
              "name": "MailingCity",
              "datatype": "nvarchar",
              "precision": 40,
              "scale": 0,
              "nullable": true,
              "key_type": "NOT A KEY"
            },
            {
              "name": "MailingState",
              "datatype": "nvarchar",
              "precision": 80,
              "scale": 0,
              "nullable": true,
              "key_type": "NOT A KEY"
            },
            {
              "name": "MailingPostalCode",
              "datatype": "nvarchar",
              "precision": 20,
              "scale": 0,
              "nullable": true,
              "key_type": "NOT A KEY"
            },
            {
              "name": "MailingCountry",
              "datatype": "nvarchar",
              "precision": 80,
              "scale": 0,
              "nullable": true,
              "key_type": "NOT A KEY"
            },
            {
              "name": "Phone",
              "datatype": "nvarchar",
              "precision": 40,
              "scale": 0,
              "nullable": true,
              "key_type": "NOT A KEY"
            },
            {
              "name": "Fax",
              "datatype": "nvarchar",
              "precision": 40,
              "scale": 0,
              "nullable": true,
              "key_type": "NOT A KEY"
            },
            {
              "name": "Email",
              "datatype": "nvarchar",
              "precision": 80,
              "scale": 0,
              "nullable": true,
              "key_type": "NOT A KEY"
            },
            {
              "name": "CreatedDate",
              "datatype": "nvarchar",
              "precision": 29,
              "scale": 0,
              "nullable": true,
              "key_type": "NOT A KEY"
            },
            {
              "name": "CreatedById",
              "datatype": "nvarchar",
              "precision": 18,
              "scale": 0,
              "nullable": true,
              "key_type": "NOT A KEY"
            },
            {
              "name": "LastModifiedDate",
              "datatype": "nvarchar",
              "precision": 29,
              "scale": 0,
              "nullable": true,
              "key_type": "NOT A KEY"
            },
            {
              "name": "LastModifiedById",
              "datatype": "nvarchar",
              "precision": 18,
              "scale": 0,
              "nullable": true,
              "key_type": "NOT A KEY"
            },
            {
              "name": "Contact_Mktg_Email_Restriction__c",
              "datatype": "nvarchar",
              "precision": 255,
              "scale": 0,
              "nullable": true,
              "key_type": "NOT A KEY"
            },
            {
              "name": "Contact_Role__c",
              "datatype": "nvarchar",
              "precision": 255,
              "scale": 0,
              "nullable": true,
              "key_type": "NOT A KEY"
            },
            {
              "name": "Direct__c",
              "datatype": "nvarchar",
              "precision": 1300,
              "scale": 0,
              "nullable": true,
              "key_type": "NOT A KEY"
            },
            {
              "name": "Nickname__c",
              "datatype": "nvarchar",
              "precision": 50,
              "scale": 0,
              "nullable": true,
              "key_type": "NOT A KEY"
            },
            {
              "name": "Office_ID__c",
              "datatype": "nvarchar",
              "precision": 1300,
              "scale": 0,
              "nullable": true,
              "key_type": "NOT A KEY"
            },
            {
              "name": "RP_Classification__c",
              "datatype": "nvarchar",
              "precision": 15,
              "scale": 0,
              "nullable": true,
              "key_type": "NOT A KEY"
            },
            {
              "name": "RP_Segment__c",
              "datatype": "nvarchar",
              "precision": 255,
              "scale": 0,
              "nullable": true,
              "key_type": "NOT A KEY"
            },
            {
              "name": "Sequence_N__c",
              "datatype": "nvarchar",
              "precision": 30,
              "scale": 0,
              "nullable": true,
              "key_type": "NOT A KEY"
            },
            {
              "name": "Status__c",
              "datatype": "nvarchar",
              "precision": 255,
              "scale": 0,
              "nullable": true,
              "key_type": "NOT A KEY"
            },
            {
              "name": "Type__c",
              "datatype": "nvarchar",
              "precision": 255,
              "scale": 0,
              "nullable": true,
              "key_type": "NOT A KEY"
            },
            {
              "name": "RP_Specialist__c",
              "datatype": "nvarchar",
              "precision": 10,
              "scale": 0,
              "nullable": true,
              "key_type": "NOT A KEY"
            },
            {
              "name": "Email_Pref_OAG__c",
              "datatype": "nvarchar",
              "precision": 10,
              "scale": 0,
              "nullable": true,
              "key_type": "NOT A KEY"
            },
            {
              "name": "Extension__c",
              "datatype": "nvarchar",
              "precision": 20,
              "scale": 0,
              "nullable": true,
              "key_type": "NOT A KEY"
            },
            {
              "name": "Middle_Initial__c",
              "datatype": "nvarchar",
              "precision": 20,
              "scale": 0,
              "nullable": true,
              "key_type": "NOT A KEY"
            },
            {
              "name": "Organization_Type__c",
              "datatype": "nvarchar",
              "precision": 1300,
              "scale": 0,
              "nullable": true,
              "key_type": "NOT A KEY"
            },
            {
              "name": "Role_Status__c",
              "datatype": "nvarchar",
              "precision": 255,
              "scale": 0,
              "nullable": true,
              "key_type": "NOT A KEY"
            },
            {
              "name": "Retail_Segmentation__c",
              "datatype": "nvarchar",
              "precision": 255,
              "scale": 0,
              "nullable": true,
              "key_type": "NOT A KEY"
            },
            {
              "name": "HNW_Segmentation__c",
              "datatype": "nvarchar",
              "precision": 255,
              "scale": 0,
              "nullable": true,
              "key_type": "NOT A KEY"
            },
            {
              "name": "Other_Reason_Code_Details__c",
              "datatype": "nvarchar",
              "precision": 255,
              "scale": 0,
              "nullable": true,
              "key_type": "NOT A KEY"
            },
            {
              "name": "Reason_Code_Clarification__c",
              "datatype": "nvarchar",
              "precision": 255,
              "scale": 0,
              "nullable": true,
              "key_type": "NOT A KEY"
            },
            {
              "name": "Reason_Code__c",
              "datatype": "nvarchar",
              "precision": 255,
              "scale": 0,
              "nullable": true,
              "key_type": "NOT A KEY"
            },
            {
              "name": "RecordtypeName",
              "datatype": "nvarchar",
              "precision": 80,
              "scale": 0,
              "nullable": true,
              "key_type": "NOT A KEY"
            },
            {
              "name": "CDM_GUID",
              "datatype": "nvarchar",
              "precision": 100,
              "scale": 0,
              "nullable": true,
              "key_type": "NOT A KEY"
            },
            {
              "name": "SOURCE_SYSTEM_NAME",
              "datatype": "nvarchar",
              "precision": 20,
              "scale": 0,
              "nullable": true,
              "key_type": "NOT A KEY"
            },
            {
              "name": "Rep_CRD__c",
              "datatype": "nvarchar",
              "precision": 15,
              "scale": 0,
              "nullable": true,
              "key_type": "NOT A KEY"
            },
            {
              "name": "Createdby_Alias",
              "datatype": "nvarchar",
              "precision": 8,
              "scale": 0,
              "nullable": true,
              "key_type": "NOT A KEY"
            },
            {
              "name": "Lastmodifiedby_Alias",
              "datatype": "nvarchar",
              "precision": 8,
              "scale": 0,
              "nullable": true,
              "key_type": "NOT A KEY"
            },
            {
              "name": "Primary_Address_Type__c",
              "datatype": "nvarchar",
              "precision": 255,
              "scale": 0,
              "nullable": true,
              "key_type": "NOT A KEY"
            },
            {
              "name": "Secondary_Address_Type__c",
              "datatype": "nvarchar",
              "precision": 255,
              "scale": 0,
              "nullable": true,
              "key_type": "NOT A KEY"
            },
            {
              "name": "Birthdate",
              "datatype": "nvarchar",
              "precision": 29,
              "scale": 0,
              "nullable": true,
              "key_type": "NOT A KEY"
            },
            {
              "name": "Hire_Date__c",
              "datatype": "nvarchar",
              "precision": 29,
              "scale": 0,
              "nullable": true,
              "key_type": "NOT A KEY"
            },
            {
              "name": "Alternate_Phone__c",
              "datatype": "nvarchar",
              "precision": 40,
              "scale": 0,
              "nullable": true,
              "key_type": "NOT A KEY"
            },
            {
              "name": "Alternate_Email__c",
              "datatype": "nvarchar",
              "precision": 80,
              "scale": 0,
              "nullable": true,
              "key_type": "NOT A KEY"
            },
            {
              "name": "Dealer_Advisor_Segmentation__c",
              "datatype": "nvarchar",
              "precision": 255,
              "scale": 0,
              "nullable": true,
              "key_type": "NOT A KEY"
            },
            {
              "name": "Dealer_Segment__c",
              "datatype": "nvarchar",
              "precision": 15,
              "scale": 0,
              "nullable": true,
              "key_type": "NOT A KEY"
            },
            {
              "name": "Advisory_Segmentation__c",
              "datatype": "nvarchar",
              "precision": 255,
              "scale": 0,
              "nullable": true,
              "key_type": "NOT A KEY"
            },
            {
              "name": "Advisory_Reason_Code__c",
              "datatype": "nvarchar",
              "precision": 255,
              "scale": 0,
              "nullable": true,
              "key_type": "NOT A KEY"
            },
            {
              "name": "Advisory_Reason_Code_Clarification__c",
              "datatype": "nvarchar",
              "precision": 255,
              "scale": 0,
              "nullable": true,
              "key_type": "NOT A KEY"
            },
            {
              "name": "Advisory_Other_Reason_Code_Details__c",
              "datatype": "nvarchar",
              "precision": 255,
              "scale": 0,
              "nullable": true,
              "key_type": "NOT A KEY"
            },
            {
              "name": "ARL_Contact_Classification__c",
              "datatype": "nvarchar",
              "precision": 255,
              "scale": 0,
              "nullable": true,
              "key_type": "NOT A KEY"
            },
            {
              "name": "Ins_Contact_Rating__c",
              "datatype": "nvarchar",
              "precision": 255,
              "scale": 0,
              "nullable": true,
              "key_type": "NOT A KEY"
            },
            {
              "name": "Segmentation_1__c",
              "datatype": "nvarchar",
              "precision": 50,
              "scale": 0,
              "nullable": true,
              "key_type": "NOT A KEY"
            },
            {
              "name": "Segmentation_2__c",
              "datatype": "nvarchar",
              "precision": 50,
              "scale": 0,
              "nullable": true,
              "key_type": "NOT A KEY"
            },
            {
              "name": "Segmentation_3__c",
              "datatype": "nvarchar",
              "precision": 50,
              "scale": 0,
              "nullable": true,
              "key_type": "NOT A KEY"
            },
            {
              "name": "Segmentation_4__c",
              "datatype": "nvarchar",
              "precision": 50,
              "scale": 0,
              "nullable": true,
              "key_type": "NOT A KEY"
            },
            {
              "name": "CIAM_Prospect_Level__c",
              "datatype": "nvarchar",
              "precision": 255,
              "scale": 0,
              "nullable": true,
              "key_type": "NOT A KEY"
            },
            {
              "name": "Insurance_Partner_ID",
              "datatype": "nvarchar",
              "precision": 25,
              "scale": 0,
              "nullable": true,
              "key_type": "NOT A KEY"
            },
            {
              "name": "Local_Suffix__c",
              "datatype": "nvarchar",
              "precision": 15,
              "scale": 0,
              "nullable": true,
              "key_type": "NOT A KEY"
            },
            {
              "name": "mobilephone",
              "datatype": "nvarchar",
              "precision": 40,
              "scale": 0,
              "nullable": true,
              "key_type": "NOT A KEY"
            },
            {
              "name": "linkedin_profile__c",
              "datatype": "nvarchar",
              "precision": 255,
              "scale": 0,
              "nullable": true,
              "key_type": "NOT A KEY"
            },
            {
              "name": "suffix__c",
              "datatype": "nvarchar",
              "precision": 29,
              "scale": 0,
              "nullable": true,
              "key_type": "NOT A KEY"
            },
            {
              "name": "team_profile__c",
              "datatype": "nvarchar",
              "precision": 5,
              "scale": 0,
              "nullable": true,
              "key_type": "NOT A KEY"
            },
            {
              "name": "website__c",
              "datatype": "varchar",
              "precision": 255,
              "scale": 0,
              "nullable": true,
              "key_type": "NOT A KEY"
            },
            {
              "name": "Primary_Contact_Role__c",
              "datatype": "varchar",
              "precision": 255,
              "scale": 0,
              "nullable": true,
              "key_type": "NOT A KEY"
            },
            {
              "name": "Org_Office_Roles__c",
              "datatype": "varchar",
              "precision": 4099,
              "scale": 0,
              "nullable": true,
              "key_type": "NOT A KEY"
            },
            {
              "name": "Parent_Recordtype_Name",
              "datatype": "varchar",
              "precision": 80,
              "scale": 0,
              "nullable": true,
              "key_type": "NOT A KEY"
            },
            {
              "name": "Servicing_Email__c",
              "datatype": "varchar",
              "precision": 80,
              "scale": 0,
              "nullable": true,
              "key_type": "NOT A KEY"
            },
            {
              "name": "Servicing_Phone__c",
              "datatype": "varchar",
              "precision": 80,
              "scale": 0,
              "nullable": true,
              "key_type": "NOT A KEY"
            },
            {
              "name": "Professional_Credentials__c",
              "datatype": "varchar",
              "precision": 255,
              "scale": 0,
              "nullable": true,
              "key_type": "NOT A KEY"
            },
            {
              "name": "Role_Status_primary_office__c",
              "datatype": "varchar",
              "precision": 100,
              "scale": 0,
              "nullable": true,
              "key_type": "NOT A KEY"
            }
          ],
          "needs_connection": true
        },
        {
          "name": "pre_land_sfdc_contact_connection",
          "type": "SQL",
          "database_type": "Microsoft SQL Server",
          "db_name": "CDM_SQL_PRE_LANDING_SRC",
          "owner_name": "dbo",
          "field_count": 18,
          "confidence": "high",
          "fields": [
            {
              "name": "Id",
              "datatype": "nvarchar",
              "precision": 18,
              "scale": 0,
              "nullable": true,
              "key_type": "NOT A KEY"
            },
            {
              "name": "Isdeleted",
              "datatype": "nvarchar",
              "precision": 10,
              "scale": 0,
              "nullable": true,
              "key_type": "NOT A KEY"
            },
            {
              "name": "Name",
              "datatype": "nvarchar",
              "precision": 80,
              "scale": 0,
              "nullable": true,
              "key_type": "NOT A KEY"
            },
            {
              "name": "Contact__c",
              "datatype": "nvarchar",
              "precision": 18,
              "scale": 0,
              "nullable": true,
              "key_type": "NOT A KEY"
            },
            {
              "name": "Office__c",
              "datatype": "nvarchar",
              "precision": 18,
              "scale": 0,
              "nullable": true,
              "key_type": "NOT A KEY"
            },
            {
              "name": "Recordtypename",
              "datatype": "nvarchar",
              "precision": 80,
              "scale": 0,
              "nullable": true,
              "key_type": "NOT A KEY"
            },
            {
              "name": "Contact_Primary_Office",
              "datatype": "nvarchar",
              "precision": 18,
              "scale": 0,
              "nullable": true,
              "key_type": "NOT A KEY"
            },
            {
              "name": "Createddate",
              "datatype": "nvarchar",
              "precision": 29,
              "scale": 0,
              "nullable": true,
              "key_type": "NOT A KEY"
            },
            {
              "name": "CreatedbyAlias",
              "datatype": "nvarchar",
              "precision": 18,
              "scale": 0,
              "nullable": true,
              "key_type": "NOT A KEY"
            },
            {
              "name": "Lastmodifieddate",
              "datatype": "nvarchar",
              "precision": 29,
              "scale": 0,
              "nullable": true,
              "key_type": "NOT A KEY"
            },
            {
              "name": "LastmodifiedbyAlias",
              "datatype": "nvarchar",
              "precision": 18,
              "scale": 0,
              "nullable": true,
              "key_type": "NOT A KEY"
            },
            {
              "name": "Activation_date__c",
              "datatype": "nvarchar",
              "precision": 29,
              "scale": 0,
              "nullable": true,
              "key_type": "NOT A KEY"
            },
            {
              "name": "Termination_date__c",
              "datatype": "nvarchar",
              "precision": 29,
              "scale": 0,
              "nullable": true,
              "key_type": "NOT A KEY"
            },
            {
              "name": "Source_system_name",
              "datatype": "nvarchar",
              "precision": 80,
              "scale": 0,
              "nullable": true,
              "key_type": "NOT A KEY"
            },
            {
              "name": "Contact_Role__c",
              "datatype": "nvarchar",
              "precision": 255,
              "scale": 0,
              "nullable": true,
              "key_type": "NOT A KEY"
            },
            {
              "name": "Role_Status__c",
              "datatype": "nvarchar",
              "precision": 255,
              "scale": 0,
              "nullable": true,
              "key_type": "NOT A KEY"
            },
            {
              "name": "primary_role__c",
              "datatype": "varchar",
              "precision": 18,
              "scale": 0,
              "nullable": true,
              "key_type": "NOT A KEY"
            },
            {
              "name": "org_office_role__c",
              "datatype": "varchar",
              "precision": 255,
              "scale": 0,
              "nullable": true,
              "key_type": "NOT A KEY"
            }
          ],
          "needs_connection": true
        }
      ],
      "targets": [
        {
          "name": "today_party_role_xform",
          "type": "SQL",
          "database_type": "Microsoft SQL Server",
          "db_name": "",
          "owner_name": "",
          "field_count": 25,
          "needs_destination": true,
          "pyspark_write": "df.write.jdbc(url, 'today_party_role_xform', properties)",
          "fields": [
            {
              "name": "src_rowid",
              "datatype": "bigint",
              "precision": 19,
              "scale": 0,
              "nullable": false,
              "key_type": "NOT A KEY"
            },
            {
              "name": "inactivation_reason_id",
              "datatype": "bigint",
              "precision": 19,
              "scale": 0,
              "nullable": true,
              "key_type": "NOT A KEY"
            },
            {
              "name": "status_id",
              "datatype": "bigint",
              "precision": 19,
              "scale": 0,
              "nullable": true,
              "key_type": "NOT A KEY"
            },
            {
              "name": "primary_indicator",
              "datatype": "nchar",
              "precision": 1,
              "scale": 0,
              "nullable": true,
              "key_type": "NOT A KEY"
            },
            {
              "name": "source_party_role_id",
              "datatype": "nvarchar",
              "precision": 255,
              "scale": 0,
              "nullable": true,
              "key_type": "NOT A KEY"
            },
            {
              "name": "role_type_id",
              "datatype": "bigint",
              "precision": 19,
              "scale": 0,
              "nullable": true,
              "key_type": "NOT A KEY"
            },
            {
              "name": "last_updated_date",
              "datatype": "nvarchar",
              "precision": 23,
              "scale": 0,
              "nullable": true,
              "key_type": "NOT A KEY"
            },
            {
              "name": "source_party_id",
              "datatype": "nvarchar",
              "precision": 255,
              "scale": 0,
              "nullable": true,
              "key_type": "NOT A KEY"
            },
            {
              "name": "source_system",
              "datatype": "nvarchar",
              "precision": 250,
              "scale": 0,
              "nullable": true,
              "key_type": "NOT A KEY"
            },
            {
              "name": "created_by",
              "datatype": "nvarchar",
              "precision": 50,
              "scale": 0,
              "nullable": true,
              "key_type": "NOT A KEY"
            },
            {
              "name": "created_date",
              "datatype": "nvarchar",
              "precision": 23,
              "scale": 0,
              "nullable": true,
              "key_type": "NOT A KEY"
            },
            {
              "name": "inactivation_date",
              "datatype": "nvarchar",
              "precision": 23,
              "scale": 0,
              "nullable": true,
              "key_type": "NOT A KEY"
            },
            {
              "name": "deleted_indicator",
              "datatype": "nchar",
              "precision": 1,
              "scale": 0,
              "nullable": true,
              "key_type": "NOT A KEY"
            },
            {
              "name": "last_updated_by",
              "datatype": "nvarchar",
              "precision": 50,
              "scale": 0,
              "nullable": true,
              "key_type": "NOT A KEY"
            },
            {
              "name": "sub_role_type_id",
              "datatype": "bigint",
              "precision": 19,
              "scale": 0,
              "nullable": true,
              "key_type": "NOT A KEY"
            },
            {
              "name": "parent_source_system",
              "datatype": "nvarchar",
              "precision": 50,
              "scale": 0,
              "nullable": true,
              "key_type": "NOT A KEY"
            },
            {
              "name": "org_intermediary_number",
              "datatype": "numeric",
              "precision": 15,
              "scale": 0,
              "nullable": true,
              "key_type": "NOT A KEY"
            },
            {
              "name": "org_sga_status_id",
              "datatype": "bigint",
              "precision": 19,
              "scale": 0,
              "nullable": true,
              "key_type": "NOT A KEY"
            },
            {
              "name": "dually_registered_ind",
              "datatype": "nchar",
              "precision": 1,
              "scale": 0,
              "nullable": true,
              "key_type": "NOT A KEY"
            },
            {
              "name": "org_w9_form_on_file_ind",
              "datatype": "nchar",
              "precision": 1,
              "scale": 0,
              "nullable": true,
              "key_type": "NOT A KEY"
            },
            {
              "name": "prsn_primary_rep_id",
              "datatype": "nvarchar",
              "precision": 9,
              "scale": 0,
              "nullable": true,
              "key_type": "NOT A KEY"
            },
            {
              "name": "mapping_name",
              "datatype": "nvarchar",
              "precision": 80,
              "scale": 0,
              "nullable": true,
              "key_type": "NOT A KEY"
            },
            {
              "name": "org_tpa_soltn_idfct_num",
              "datatype": "nvarchar",
              "precision": 32,
              "scale": 0,
              "nullable": true,
              "key_type": "NOT A KEY"
            },
            {
              "name": "GRP_PRIMARY_REP_ID",
              "datatype": "varchar",
              "precision": 9,
              "scale": 0,
              "nullable": true,
              "key_type": "NOT A KEY"
            },
            {
              "name": "DEFERRED_OWNERSHIP_IND",
              "datatype": "nchar",
              "precision": 1,
              "scale": 0,
              "nullable": true,
              "key_type": "NOT A KEY"
            }
          ]
        }
      ],
      "transform_summary": {
        "source_qualifiers": 2,
        "expressions": 2,
        "filters": 2,
        "joiners": 0,
        "lookups": 2,
        "stored_procedures": 1,
        "update_strategies": 0,
        "aggregators": 1,
        "sorters": 0,
        "routers": 0,
        "unions": 0,
        "others": 0
      },
      "transformations": [
        {
          "name": "AGGTRANS",
          "type": "Aggregator",
          "description": "",
          "field_count": 21,
          "pyspark_equivalent": "df.groupBy().agg()",
          "fields": [
            {
              "name": "Termination_date__c",
              "datatype": "nstring",
              "precision": 29,
              "scale": 0,
              "expression": "Termination_date__c",
              "port_type": "INPUT/OUTPUT"
            },
            {
              "name": "Lastmodifieddate",
              "datatype": "nstring",
              "precision": 29,
              "scale": 0,
              "expression": "Lastmodifieddate",
              "port_type": "INPUT/OUTPUT"
            },
            {
              "name": "Source_system_name",
              "datatype": "nstring",
              "precision": 250,
              "scale": 0,
              "expression": "Source_system_name",
              "port_type": "INPUT/OUTPUT"
            },
            {
              "name": "Role_Status_Id",
              "datatype": "bigint",
              "precision": 19,
              "scale": 0,
              "expression": null,
              "port_type": "INPUT"
            },
            {
              "name": "STATUS_ID",
              "datatype": "bigint",
              "precision": 19,
              "scale": 0,
              "expression": "Role_Status_Id",
              "port_type": "OUTPUT"
            },
            {
              "name": "primary_role__c",
              "datatype": "string",
              "precision": 19,
              "scale": 0,
              "expression": null,
              "port_type": "INPUT"
            },
            {
              "name": "primary_role__out",
              "datatype": "string",
              "precision": 10,
              "scale": 0,
              "expression": "primary_role__out",
              "port_type": "INPUT/OUTPUT"
            },
            {
              "name": "InactivationReason",
              "datatype": "nstring",
              "precision": 255,
              "scale": 0,
              "expression": null,
              "port_type": "INPUT"
            },
            {
              "name": "InactivationReason_out",
              "datatype": "bigint",
              "precision": 19,
              "scale": 0,
              "expression": null,
              "port_type": "INPUT"
            },
            {
              "name": "INACTIVATION_REASON_ID",
              "datatype": "bigint",
              "precision": 19,
              "scale": 0,
              "expression": "InactivationReason_out",
              "port_type": "OUTPUT"
            },
            {
              "name": "Contact_Role__c",
              "datatype": "nstring",
              "precision": 255,
              "scale": 0,
              "expression": null,
              "port_type": "INPUT"
            },
            {
              "name": "Contact_Role_out",
              "datatype": "integer",
              "precision": 10,
              "scale": 0,
              "expression": "Contact_Role_out",
              "port_type": "INPUT/OUTPUT"
            },
            {
              "name": "Contact_SubRole_out",
              "datatype": "integer",
              "precision": 10,
              "scale": 0,
              "expression": "Contact_SubRole_out",
              "port_type": "INPUT/OUTPUT"
            },
            {
              "name": "Id",
              "datatype": "nstring",
              "precision": 18,
              "scale": 0,
              "expression": null,
              "port_type": "INPUT"
            },
            {
              "name": "Out_ID",
              "datatype": "nstring",
              "precision": 255,
              "scale": 0,
              "expression": "Out_ID",
              "port_type": "INPUT/OUTPUT"
            },
            {
              "name": "Createdby_Alias",
              "datatype": "string",
              "precision": 50,
              "scale": 0,
              "expression": "Createdby_Alias",
              "port_type": "INPUT/OUTPUT"
            },
            {
              "name": "CreatedDate",
              "datatype": "string",
              "precision": 29,
              "scale": 0,
              "expression": "CreatedDate",
              "port_type": "INPUT/OUTPUT"
            },
            {
              "name": "Lastmodifiedby_Alias",
              "datatype": "nstring",
              "precision": 50,
              "scale": 0,
              "expression": "Lastmodifiedby_Alias",
              "port_type": "INPUT/OUTPUT"
            },
            {
              "name": "SOURCE_PARTY_ROLE_ID",
              "datatype": "nstring",
              "precision": 255,
              "scale": 0,
              "expression": "SOURCE_PARTY_ROLE_ID",
              "port_type": "INPUT/OUTPUT"
            },
            {
              "name": "MAPPING_NAME",
              "datatype": "string",
              "precision": 80,
              "scale": 0,
              "expression": "$PMMappingName",
              "port_type": "OUTPUT"
            },
            {
              "name": "DEFERRED_OWNERSHIP_IND",
              "datatype": "nstring",
              "precision": 29,
              "scale": 0,
              "expression": "DEFERRED_OWNERSHIP_IND",
              "port_type": "INPUT/OUTPUT"
            }
          ],
          "attributes": {}
        },
        {
          "name": "FILTRANS2",
          "type": "Filter",
          "description": "",
          "field_count": 12,
          "pyspark_equivalent": "df.filter() / df.where()",
          "fields": [
            {
              "name": "ROWNUM",
              "datatype": "nstring",
              "precision": 18,
              "scale": 0,
              "expression": null,
              "port_type": "INPUT/OUTPUT"
            },
            {
              "name": "Id",
              "datatype": "nstring",
              "precision": 255,
              "scale": 0,
              "expression": null,
              "port_type": "INPUT/OUTPUT"
            },
            {
              "name": "Isdeleted",
              "datatype": "nstring",
              "precision": 255,
              "scale": 0,
              "expression": null,
              "port_type": "INPUT/OUTPUT"
            },
            {
              "name": "Name",
              "datatype": "nstring",
              "precision": 255,
              "scale": 0,
              "expression": null,
              "port_type": "INPUT/OUTPUT"
            },
            {
              "name": "Contact__c",
              "datatype": "nstring",
              "precision": 255,
              "scale": 0,
              "expression": null,
              "port_type": "INPUT/OUTPUT"
            },
            {
              "name": "Office__c",
              "datatype": "nstring",
              "precision": 255,
              "scale": 0,
              "expression": null,
              "port_type": "INPUT/OUTPUT"
            },
            {
              "name": "Recordtypename",
              "datatype": "nstring",
              "precision": 255,
              "scale": 0,
              "expression": null,
              "port_type": "INPUT/OUTPUT"
            },
            {
              "name": "Contact_Primary_Office",
              "datatype": "nstring",
              "precision": 255,
              "scale": 0,
              "expression": null,
              "port_type": "INPUT/OUTPUT"
            },
            {
              "name": "Createddate",
              "datatype": "nstring",
              "precision": 255,
              "scale": 0,
              "expression": null,
              "port_type": "INPUT/OUTPUT"
            },
            {
              "name": "Lastmodifieddate",
              "datatype": "nstring",
              "precision": 255,
              "scale": 0,
              "expression": null,
              "port_type": "INPUT/OUTPUT"
            },
            {
              "name": "Activation_date__c",
              "datatype": "nstring",
              "precision": 29,
              "scale": 0,
              "expression": null,
              "port_type": "INPUT/OUTPUT"
            },
            {
              "name": "DEFERRED_OWNERSHIP_IND",
              "datatype": "nstring",
              "precision": 29,
              "scale": 0,
              "expression": null,
              "port_type": "INPUT/OUTPUT"
            }
          ],
          "attributes": {}
        },
        {
          "name": "lkp_values",
          "type": "Lookup Procedure",
          "description": "",
          "field_count": 6,
          "pyspark_equivalent": "df.join() with broadcast",
          "fields": [
            {
              "name": "src_val_in",
              "datatype": "string",
              "precision": 10,
              "scale": 0,
              "expression": null,
              "port_type": "INPUT"
            },
            {
              "name": "attrib_nm_in",
              "datatype": "string",
              "precision": 10,
              "scale": 0,
              "expression": null,
              "port_type": "INPUT"
            },
            {
              "name": "src_sys_nm",
              "datatype": "string",
              "precision": 100,
              "scale": 0,
              "expression": null,
              "port_type": "LOOKUP/OUTPUT"
            },
            {
              "name": "attrib_nm",
              "datatype": "string",
              "precision": 100,
              "scale": 0,
              "expression": null,
              "port_type": "LOOKUP/OUTPUT"
            },
            {
              "name": "src_val",
              "datatype": "string",
              "precision": 100,
              "scale": 0,
              "expression": null,
              "port_type": "LOOKUP/OUTPUT"
            },
            {
              "name": "std_lkup_id",
              "datatype": "integer",
              "precision": 10,
              "scale": 0,
              "expression": null,
              "port_type": "LOOKUP/RETURN/OUTPUT"
            }
          ],
          "attributes": {}
        },
        {
          "name": "EXPTRANS2",
          "type": "Expression",
          "description": "",
          "field_count": 27,
          "pyspark_equivalent": "df.withColumn() / df.select()",
          "fields": [
            {
              "name": "Termination_date__c",
              "datatype": "nstring",
              "precision": 29,
              "scale": 0,
              "expression": "Termination_date__c",
              "port_type": "INPUT/OUTPUT"
            },
            {
              "name": "Lastmodifieddate",
              "datatype": "nstring",
              "precision": 29,
              "scale": 0,
              "expression": "Lastmodifieddate",
              "port_type": "INPUT/OUTPUT"
            },
            {
              "name": "Source_system_name",
              "datatype": "nstring",
              "precision": 250,
              "scale": 0,
              "expression": "Source_system_name",
              "port_type": "INPUT/OUTPUT"
            },
            {
              "name": "InactivationReasonIn",
              "datatype": "string",
              "precision": 255,
              "scale": 0,
              "expression": null,
              "port_type": "INPUT"
            },
            {
              "name": "InactivationReason",
              "datatype": "nstring",
              "precision": 255,
              "scale": 0,
              "expression": "InactivationReasonIn",
              "port_type": "LOCAL VARIABLE"
            },
            {
              "name": "InactivationReason_var",
              "datatype": "integer",
              "precision": 10,
              "scale": 0,
              "expression": ":LKP.lkp_values(InactivationReasonIn,'INACTIVATION_REASON_ID')",
              "port_type": "LOCAL VARIABLE"
            },
            {
              "name": "InactivationReason_var2",
              "datatype": "integer",
              "precision": 10,
              "scale": 0,
              "expression": "iif(isnull(InactivationReason),NULL,iif(isnull(InactivationReason_var),9999,InactivationReason_var))",
              "port_type": "LOCAL VARIABLE"
            },
            {
              "name": "InactivationReason_var3",
              "datatype": "integer",
              "precision": 10,
              "scale": 0,
              "expression": "iif(isnull(Termination_date__c),NULL,InactivationReason_var2)",
              "port_type": "LOCAL VARIABLE"
            },
            {
              "name": "InactivationReason_out",
              "datatype": "bigint",
              "precision": 19,
              "scale": 0,
              "expression": "InactivationReason_var3",
              "port_type": "OUTPUT"
            },
            {
              "name": "V_Role_Status_Name",
              "datatype": "string",
              "precision": 50,
              "scale": 0,
              "expression": "DECODE(TRUE\r\n,ISNULL(InactivationReasonIn) AND ISNULL(Termination_date__c),'Active'\r\n,InactivationReasonIn='Current','Active'\r\n,InactivationReasonIn='Deceased','Inactive'\r\n,InactivationReasonIn='Left Organization/Retired','Inactive'\r\n,InactivationReasonIn='No Longer Affiliate to Organization','Inactive'\r\n,InactivationReasonIn='No Longer Affiliated to Org','Inactive'\r\n,InactivationReasonIn='On Leave','Inactive'\r\n,InactivationReasonIn='Still at Org, Not Available','Inactive'\r\n,'Inactive')",
              "port_type": "LOCAL VARIABLE"
            },
            {
              "name": "V_Role_Status_Lookup_Id",
              "datatype": "integer",
              "precision": 10,
              "scale": 0,
              "expression": ":LKP.lkp_values(V_Role_Status_Name,'PARTY_ROLE_STATUS_ID')",
              "port_type": "LOCAL VARIABLE"
            },
            {
              "name": "Role_Status_Id",
              "datatype": "bigint",
              "precision": 19,
              "scale": 0,
              "expression": "V_Role_Status_Lookup_Id",
              "port_type": "OUTPUT"
            },
            {
              "name": "primary_role__c",
              "datatype": "string",
              "precision": 18,
              "scale": 0,
              "expression": null,
              "port_type": "INPUT"
            },
            {
              "name": "primary_role__out",
              "datatype": "string",
              "precision": 10,
              "scale": 0,
              "expression": "'N'\r\n--iif(primary_role__c='1','Y','N')",
              "port_type": "OUTPUT"
            },
            {
              "name": "Contact_Role__c",
              "datatype": "nstring",
              "precision": 255,
              "scale": 0,
              "expression": null,
              "port_type": "INPUT"
            },
            {
              "name": "Contact_Role__var",
              "datatype": "integer",
              "precision": 10,
              "scale": 0,
              "expression": ":LKP.lkp_values(ltrim(rtrim(Contact_Role__c)),'PARTY_ROLE_TYPE_ID')",
              "port_type": "LOCAL VARIABLE"
            },
            {
              "name": "Contact_Role__var2",
              "datatype": "integer",
              "precision": 10,
              "scale": 0,
              "expression": "iif(isnull(Contact_Role__var),9999,Contact_Role__var)",
              "port_type": "LOCAL VARIABLE"
            },
            {
              "name": "Contact_Role_out",
              "datatype": "integer",
              "precision": 10,
              "scale": 0,
              "expression": "Contact_Role__var2",
              "port_type": "OUTPUT"
            },
            {
              "name": "Id",
              "datatype": "nstring",
              "precision": 18,
              "scale": 0,
              "expression": null,
              "port_type": "INPUT"
            },
            {
              "name": "Out_ID",
              "datatype": "nstring",
              "precision": 255,
              "scale": 0,
              "expression": "'PER_'||Id",
              "port_type": "OUTPUT"
            },
            {
              "name": "Createdby_Alias",
              "datatype": "string",
              "precision": 50,
              "scale": 0,
              "expression": "Createdby_Alias",
              "port_type": "INPUT/OUTPUT"
            },
            {
              "name": "CreatedDate",
              "datatype": "string",
              "precision": 29,
              "scale": 0,
              "expression": "CreatedDate",
              "port_type": "INPUT/OUTPUT"
            },
            {
              "name": "Lastmodifiedby_Alias",
              "datatype": "nstring",
              "precision": 50,
              "scale": 0,
              "expression": "Lastmodifiedby_Alias",
              "port_type": "INPUT/OUTPUT"
            },
            {
              "name": "SOURCE_PARTY_ROLE_ID",
              "datatype": "string",
              "precision": 255,
              "scale": 0,
              "expression": "Id||Contact_Role__c",
              "port_type": "OUTPUT"
            },
            {
              "name": "Contact__c",
              "datatype": "nstring",
              "precision": 255,
              "scale": 0,
              "expression": "Contact__c",
              "port_type": "INPUT/OUTPUT"
            },
            {
              "name": "V_CHK_ROLE_TYPE_ID",
              "datatype": "string",
              "precision": 10,
              "scale": 0,
              "expression": "IIF (ISNULL(Contact_Role__var),:SP.SP_LKP_LOAD_TOTAL_ERROR_INFO(Contact_Role__c,'PER_'||Id,Id||Contact_Role__c, 'ROLE_TYPE_ID',CreatedDate,Source_system_name, 'wf_landing_sfdc_to_cdm_contact_party_role','9999 Rejected record', 'wf_landing_sfdc_to_cdm_contact_party_role'),NULL)",
              "port_type": "LOCAL VARIABLE"
            },
            {
              "name": "DEFERRED_OWNERSHIP_IND",
              "datatype": "nstring",
              "precision": 29,
              "scale": 0,
              "expression": "DEFERRED_OWNERSHIP_IND",
              "port_type": "INPUT/OUTPUT"
            }
          ],
          "attributes": {}
        },
        {
          "name": "FILTRANS1",
          "type": "Filter",
          "description": "",
          "field_count": 18,
          "pyspark_equivalent": "df.filter() / df.where()",
          "fields": [
            {
              "name": "Termination_date__c",
              "datatype": "nstring",
              "precision": 29,
              "scale": 0,
              "expression": null,
              "port_type": "INPUT/OUTPUT"
            },
            {
              "name": "Lastmodifieddate",
              "datatype": "nstring",
              "precision": 29,
              "scale": 0,
              "expression": null,
              "port_type": "INPUT/OUTPUT"
            },
            {
              "name": "Source_system_name",
              "datatype": "nstring",
              "precision": 250,
              "scale": 0,
              "expression": null,
              "port_type": "INPUT/OUTPUT"
            },
            {
              "name": "Role_Status_Id",
              "datatype": "bigint",
              "precision": 19,
              "scale": 0,
              "expression": null,
              "port_type": "INPUT/OUTPUT"
            },
            {
              "name": "primary_role__c",
              "datatype": "string",
              "precision": 18,
              "scale": 0,
              "expression": null,
              "port_type": "INPUT/OUTPUT"
            },
            {
              "name": "primary_role__out",
              "datatype": "string",
              "precision": 10,
              "scale": 0,
              "expression": null,
              "port_type": "INPUT/OUTPUT"
            },
            {
              "name": "InactivationReasonIn",
              "datatype": "string",
              "precision": 255,
              "scale": 0,
              "expression": null,
              "port_type": "INPUT/OUTPUT"
            },
            {
              "name": "InactivationReason_out",
              "datatype": "bigint",
              "precision": 19,
              "scale": 0,
              "expression": null,
              "port_type": "INPUT/OUTPUT"
            },
            {
              "name": "Contact_Role__c",
              "datatype": "nstring",
              "precision": 255,
              "scale": 0,
              "expression": null,
              "port_type": "INPUT/OUTPUT"
            },
            {
              "name": "Contact_Role_out",
              "datatype": "integer",
              "precision": 10,
              "scale": 0,
              "expression": null,
              "port_type": "INPUT/OUTPUT"
            },
            {
              "name": "Id",
              "datatype": "nstring",
              "precision": 18,
              "scale": 0,
              "expression": null,
              "port_type": "INPUT/OUTPUT"
            },
            {
              "name": "Out_ID",
              "datatype": "nstring",
              "precision": 255,
              "scale": 0,
              "expression": null,
              "port_type": "INPUT/OUTPUT"
            },
            {
              "name": "Createdby_Alias",
              "datatype": "string",
              "precision": 50,
              "scale": 0,
              "expression": null,
              "port_type": "INPUT/OUTPUT"
            },
            {
              "name": "CreatedDate",
              "datatype": "string",
              "precision": 29,
              "scale": 0,
              "expression": null,
              "port_type": "INPUT/OUTPUT"
            },
            {
              "name": "Lastmodifiedby_Alias",
              "datatype": "nstring",
              "precision": 50,
              "scale": 0,
              "expression": null,
              "port_type": "INPUT/OUTPUT"
            },
            {
              "name": "SOURCE_PARTY_ROLE_ID",
              "datatype": "string",
              "precision": 255,
              "scale": 0,
              "expression": null,
              "port_type": "INPUT/OUTPUT"
            },
            {
              "name": "Contact__c",
              "datatype": "nstring",
              "precision": 255,
              "scale": 0,
              "expression": null,
              "port_type": "INPUT/OUTPUT"
            },
            {
              "name": "DEFERRED_OWNERSHIP_IND",
              "datatype": "nstring",
              "precision": 29,
              "scale": 0,
              "expression": null,
              "port_type": "INPUT/OUTPUT"
            }
          ],
          "attributes": {}
        },
        {
          "name": "SP_LKP_LOAD_TOTAL_ERROR_INFO",
          "type": "Stored Procedure",
          "description": "",
          "field_count": 9,
          "pyspark_equivalent": "spark.sql() / Custom UDF",
          "fields": [
            {
              "name": "src_val",
              "datatype": "string",
              "precision": 500,
              "scale": 0,
              "expression": null,
              "port_type": "INPUT"
            },
            {
              "name": "src_party_id",
              "datatype": "nstring",
              "precision": 250,
              "scale": 0,
              "expression": null,
              "port_type": "INPUT"
            },
            {
              "name": "src_spec_xfrm_id",
              "datatype": "nstring",
              "precision": 250,
              "scale": 0,
              "expression": null,
              "port_type": "INPUT"
            },
            {
              "name": "attrib_nm",
              "datatype": "nstring",
              "precision": 100,
              "scale": 0,
              "expression": null,
              "port_type": "INPUT"
            },
            {
              "name": "created_date",
              "datatype": "nstring",
              "precision": 500,
              "scale": 0,
              "expression": null,
              "port_type": "INPUT"
            },
            {
              "name": "src_system",
              "datatype": "string",
              "precision": 5,
              "scale": 0,
              "expression": null,
              "port_type": "INPUT"
            },
            {
              "name": "etlname",
              "datatype": "nstring",
              "precision": 500,
              "scale": 0,
              "expression": null,
              "port_type": "INPUT"
            },
            {
              "name": "error_msg",
              "datatype": "nstring",
              "precision": 500,
              "scale": 0,
              "expression": null,
              "port_type": "INPUT"
            },
            {
              "name": "dw_pgm_name",
              "datatype": "nstring",
              "precision": 500,
              "scale": 0,
              "expression": null,
              "port_type": "INPUT"
            }
          ],
          "attributes": {}
        },
        {
          "name": "SQ_pre_land_sfdc_contact",
          "type": "Source Qualifier",
          "description": "",
          "field_count": 6,
          "pyspark_equivalent": "spark.read.jdbc() / spark.read.format()",
          "fields": [
            {
              "name": "Id",
              "datatype": "nstring",
              "precision": 18,
              "scale": 0,
              "expression": null,
              "port_type": "INPUT/OUTPUT"
            },
            {
              "name": "CreatedDate",
              "datatype": "nstring",
              "precision": 29,
              "scale": 0,
              "expression": null,
              "port_type": "INPUT/OUTPUT"
            },
            {
              "name": "LastModifiedDate",
              "datatype": "nstring",
              "precision": 29,
              "scale": 0,
              "expression": null,
              "port_type": "INPUT/OUTPUT"
            },
            {
              "name": "Createdby_Alias",
              "datatype": "nstring",
              "precision": 8,
              "scale": 0,
              "expression": null,
              "port_type": "INPUT/OUTPUT"
            },
            {
              "name": "Lastmodifiedby_Alias",
              "datatype": "nstring",
              "precision": 8,
              "scale": 0,
              "expression": null,
              "port_type": "INPUT/OUTPUT"
            },
            {
              "name": "EACG_Contact_Role__c",
              "datatype": "string",
              "precision": 255,
              "scale": 0,
              "expression": null,
              "port_type": "INPUT/OUTPUT"
            }
          ],
          "attributes": {}
        },
        {
          "name": "EXPTRANS",
          "type": "Expression",
          "description": "",
          "field_count": 15,
          "pyspark_equivalent": "df.withColumn() / df.select()",
          "fields": [
            {
              "name": "Id",
              "datatype": "nstring",
              "precision": 20,
              "scale": 0,
              "expression": "Id",
              "port_type": "INPUT/OUTPUT"
            },
            {
              "name": "Source_party_id",
              "datatype": "nstring",
              "precision": 50,
              "scale": 0,
              "expression": "concat('PER_',Id)",
              "port_type": "OUTPUT"
            },
            {
              "name": "Primary_Lead_Role__c",
              "datatype": "nstring",
              "precision": 255,
              "scale": 0,
              "expression": "Primary_Lead_Role__c",
              "port_type": "INPUT/OUTPUT"
            },
            {
              "name": "CreatedByAlias",
              "datatype": "nstring",
              "precision": 255,
              "scale": 0,
              "expression": "CreatedByAlias",
              "port_type": "INPUT/OUTPUT"
            },
            {
              "name": "CreatedDate",
              "datatype": "nstring",
              "precision": 255,
              "scale": 0,
              "expression": "CreatedDate",
              "port_type": "INPUT/OUTPUT"
            },
            {
              "name": "LastModifiedByAlias",
              "datatype": "nstring",
              "precision": 255,
              "scale": 0,
              "expression": "LastModifiedByAlias",
              "port_type": "INPUT/OUTPUT"
            },
            {
              "name": "LastModifiedDate",
              "datatype": "nstring",
              "precision": 255,
              "scale": 0,
              "expression": "LastModifiedDate",
              "port_type": "INPUT/OUTPUT"
            },
            {
              "name": "Source_System",
              "datatype": "nstring",
              "precision": 20,
              "scale": 0,
              "expression": "'SFDC'",
              "port_type": "OUTPUT"
            },
            {
              "name": "Status_Id",
              "datatype": "nstring",
              "precision": 20,
              "scale": 0,
              "expression": ":LKP.LKP_VALUES('Active','PARTY_ROLE_STATUS_ID')",
              "port_type": "OUTPUT"
            },
            {
              "name": "Deferred_Ind",
              "datatype": "nstring",
              "precision": 1,
              "scale": 0,
              "expression": "'N'",
              "port_type": "OUTPUT"
            },
            {
              "name": "Mapping_Name",
              "datatype": "nstring",
              "precision": 100,
              "scale": 0,
              "expression": "$PMMappingName",
              "port_type": "OUTPUT"
            },
            {
              "name": "EACG_Contact_Role__c",
              "datatype": "string",
              "precision": 255,
              "scale": 0,
              "expression": "EACG_Contact_Role__c",
              "port_type": "INPUT/OUTPUT"
            },
            {
              "name": "V_ROLE_TYPE_ID",
              "datatype": "bigint",
              "precision": 19,
              "scale": 0,
              "expression": ":LKP.SFDC_LEAD_lkp_values(LTRIM(RTRIM(EACG_Contact_Role__c)),'PARTY_ROLE_TYPE_ID')",
              "port_type": "LOCAL VARIABLE"
            },
            {
              "name": "O_ROLE_TYPE_ID",
              "datatype": "bigint",
              "precision": 19,
              "scale": 0,
              "expression": "V_ROLE_TYPE_ID",
              "port_type": "OUTPUT"
            },
            {
              "name": "SOURCE_PARTY_ROLE_ID",
              "datatype": "nstring",
              "precision": 255,
              "scale": 0,
              "expression": "CONCAT(Id,EACG_Contact_Role__c)",
              "port_type": "OUTPUT"
            }
          ],
          "attributes": {}
        },
        {
          "name": "SFDC_LEAD_lkp_values",
          "type": "Lookup Procedure",
          "description": "",
          "field_count": 6,
          "pyspark_equivalent": "df.join() with broadcast",
          "fields": [
            {
              "name": "src_val_in",
              "datatype": "string",
              "precision": 10,
              "scale": 0,
              "expression": null,
              "port_type": "INPUT"
            },
            {
              "name": "attrib_nm_in",
              "datatype": "string",
              "precision": 10,
              "scale": 0,
              "expression": null,
              "port_type": "INPUT"
            },
            {
              "name": "src_sys_nm",
              "datatype": "string",
              "precision": 100,
              "scale": 0,
              "expression": null,
              "port_type": "LOOKUP/OUTPUT"
            },
            {
              "name": "attrib_nm",
              "datatype": "string",
              "precision": 100,
              "scale": 0,
              "expression": null,
              "port_type": "LOOKUP/OUTPUT"
            },
            {
              "name": "src_val",
              "datatype": "string",
              "precision": 100,
              "scale": 0,
              "expression": null,
              "port_type": "LOOKUP/OUTPUT"
            },
            {
              "name": "std_lkup_id",
              "datatype": "integer",
              "precision": 10,
              "scale": 0,
              "expression": null,
              "port_type": "LOOKUP/RETURN/OUTPUT"
            }
          ],
          "attributes": {}
        },
        {
          "name": "SQ_pre_land_sfdc_contact_connection_sfdc",
          "type": "Source Qualifier",
          "description": "",
          "field_count": 18,
          "pyspark_equivalent": "spark.read.jdbc() / spark.read.format()",
          "fields": [
            {
              "name": "ROWNUM",
              "datatype": "nstring",
              "precision": 18,
              "scale": 0,
              "expression": null,
              "port_type": "INPUT/OUTPUT"
            },
            {
              "name": "Id",
              "datatype": "nstring",
              "precision": 255,
              "scale": 0,
              "expression": null,
              "port_type": "INPUT/OUTPUT"
            },
            {
              "name": "Isdeleted",
              "datatype": "nstring",
              "precision": 255,
              "scale": 0,
              "expression": null,
              "port_type": "INPUT/OUTPUT"
            },
            {
              "name": "Name",
              "datatype": "nstring",
              "precision": 255,
              "scale": 0,
              "expression": null,
              "port_type": "INPUT/OUTPUT"
            },
            {
              "name": "Contact__c",
              "datatype": "nstring",
              "precision": 255,
              "scale": 0,
              "expression": null,
              "port_type": "INPUT/OUTPUT"
            },
            {
              "name": "Office__c",
              "datatype": "nstring",
              "precision": 255,
              "scale": 0,
              "expression": null,
              "port_type": "INPUT/OUTPUT"
            },
            {
              "name": "Recordtypename",
              "datatype": "nstring",
              "precision": 255,
              "scale": 0,
              "expression": null,
              "port_type": "INPUT/OUTPUT"
            },
            {
              "name": "Contact_Primary_Office",
              "datatype": "nstring",
              "precision": 255,
              "scale": 0,
              "expression": null,
              "port_type": "INPUT/OUTPUT"
            },
            {
              "name": "Createddate",
              "datatype": "nstring",
              "precision": 255,
              "scale": 0,
              "expression": null,
              "port_type": "INPUT/OUTPUT"
            },
            {
              "name": "Lastmodifieddate",
              "datatype": "nstring",
              "precision": 255,
              "scale": 0,
              "expression": null,
              "port_type": "INPUT/OUTPUT"
            },
            {
              "name": "Activation_date__c",
              "datatype": "nstring",
              "precision": 29,
              "scale": 0,
              "expression": null,
              "port_type": "INPUT/OUTPUT"
            },
            {
              "name": "Termination_date__c",
              "datatype": "nstring",
              "precision": 29,
              "scale": 0,
              "expression": null,
              "port_type": "INPUT/OUTPUT"
            },
            {
              "name": "Source_system_name",
              "datatype": "nstring",
              "precision": 80,
              "scale": 0,
              "expression": null,
              "port_type": "INPUT/OUTPUT"
            },
            {
              "name": "Contact_Role__c",
              "datatype": "nstring",
              "precision": 255,
              "scale": 0,
              "expression": null,
              "port_type": "INPUT/OUTPUT"
            },
            {
              "name": "Role_Status__c",
              "datatype": "nstring",
              "precision": 255,
              "scale": 0,
              "expression": null,
              "port_type": "INPUT/OUTPUT"
            },
            {
              "name": "primary_role__c",
              "datatype": "string",
              "precision": 18,
              "scale": 0,
              "expression": null,
              "port_type": "INPUT/OUTPUT"
            },
            {
              "name": "MailingCountry",
              "datatype": "string",
              "precision": 255,
              "scale": 0,
              "expression": null,
              "port_type": "INPUT/OUTPUT"
            },
            {
              "name": "org_office_role__c",
              "datatype": "string",
              "precision": 255,
              "scale": 0,
              "expression": null,
              "port_type": "INPUT/OUTPUT"
            }
          ],
          "attributes": {}
        }
      ],
      "main_flow": [
        {
          "instance_name": "pre_land_sfdc_contact",
          "instance_type": "SOURCE",
          "order": 0
        },
        {
          "instance_name": "pre_land_sfdc_contact_connection_sfdc",
          "instance_type": "SOURCE",
          "order": 1
        },
        {
          "instance_name": "lkp_values",
          "instance_type": "TRANSFORMATION",
          "order": 2
        },
        {
          "instance_name": "SP_LKP_LOAD_TOTAL_ERROR_INFO",
          "instance_type": "TRANSFORMATION",
          "order": 3
        },
        {
          "instance_name": "SFDC_LEAD_lkp_values",
          "instance_type": "TRANSFORMATION",
          "order": 4
        },
        {
          "instance_name": "SQ_pre_land_sfdc_contact",
          "instance_type": "TRANSFORMATION",
          "order": 5
        },
        {
          "instance_name": "SQ_pre_land_sfdc_contact_connection_sfdc",
          "instance_type": "TRANSFORMATION",
          "order": 6
        },
        {
          "instance_name": "EXPTRANS",
          "instance_type": "TRANSFORMATION",
          "order": 7
        },
        {
          "instance_name": "FILTRANS2",
          "instance_type": "TRANSFORMATION",
          "order": 8
        },
        {
          "instance_name": "LEAD_TODAY_PARTY_ROLE_XFORM_SFDC",
          "instance_type": "TARGET",
          "order": 9
        },
        {
          "instance_name": "EXPTRANS2",
          "instance_type": "TRANSFORMATION",
          "order": 10
        },
        {
          "instance_name": "FILTRANS1",
          "instance_type": "TRANSFORMATION",
          "order": 11
        },
        {
          "instance_name": "AGGTRANS",
          "instance_type": "TRANSFORMATION",
          "order": 12
        },
        {
          "instance_name": "TODAY_PARTY_ROLE_XFORM_SFDC",
          "instance_type": "TARGET",
          "order": 13
        }
      ],
      "detached_lookups": [],
      "detached_sps": [],
      "expression_analysis": {
        "lookups": [
          {
            "lookup_name": "lkp_values",
            "input_ports": [
              "InactivationReasonIn",
              "'INACTIVATION_REASON_ID'"
            ],
            "output_ports": [],
            "condition": ""
          },
          {
            "lookup_name": "LKP_VALUES",
            "input_ports": [
              "'Active'",
              "'PARTY_ROLE_STATUS_ID'"
            ],
            "output_ports": [],
            "condition": ""
          },
          {
            "lookup_name": "SFDC_LEAD_lkp_values",
            "input_ports": [
              "LTRIM(RTRIM(EACG_Contact_Role__c"
            ],
            "output_ports": [],
            "condition": ""
          }
        ],
        "stored_procs": [
          {
            "sp_name": "SP_LKP_LOAD_TOTAL_ERROR_INFO",
            "input_ports": [
              "Contact_Role__c",
              "'PER_'||Id",
              "Id||Contact_Role__c",
              "'ROLE_TYPE_ID'",
              "CreatedDate",
              "Source_system_name",
              "'wf_landing_sfdc_to_cdm_contact_party_role'",
              "'9999 Rejected record'",
              "'wf_landing_sfdc_to_cdm_contact_party_role'"
            ],
            "output_ports": []
          }
        ],
        "pm_variables": [
          "$PMMappingName"
        ],
        "unknown_references": []
      },
      "required_user_inputs": [
        {
          "type": "connection",
          "source_name": "pre_land_sfdc_contact",
          "label": "Database connection for pre_land_sfdc_contact",
          "db_name": "CDM_SQL_PRE_LANDING_SRC",
          "database_type": "Microsoft SQL Server"
        },
        {
          "type": "connection",
          "source_name": "pre_land_sfdc_contact_connection",
          "label": "Database connection for pre_land_sfdc_contact_connection",
          "db_name": "CDM_SQL_PRE_LANDING_SRC",
          "database_type": "Microsoft SQL Server"
        },
        {
          "type": "target_config",
          "target_name": "today_party_role_xform",
          "label": "Target configuration for today_party_role_xform",
          "needs": [
            "format",
            "destination",
            "write_mode"
          ]
        }
      ],
      "flow_text": "pre_land_sfdc_contact_connection_sfdc (SRC) -> SQ_pre_land_sfdc_contact_connection_sfdc (TRA) -> FILTRANS2 (TRA) -> EXPTRANS2 (TRA) -> FILTRANS1 (TRA) -> AGGTRANS (TRA) -> TODAY_PARTY_ROLE_XFORM_SFDC (TGT)"
    }
  ],
  "warnings": [],
  "errors": []
}