{
  "xml_type": "POWERMART",
  "folder_name": "CDM_DEV3_SFDC",
  "repository_name": "pc105_repo_dev2_3",
  "mapping_count": 1,
  "mappings": [
    {
      "mapping_name": "m_landing_sfdc_to_cdm_contact_party_mechanism",
      "sources": [
        {
          "name": "pre_land_sfdc_contact",
          "type": "SQL",
          "database_type": "Microsoft SQL Server",
          "db_name": "CDM_SQL_PRE_LANDING_SRC",
          "owner_name": "dbo",
          "field_count": 85,
          "confidence": "high",
          "fields": [
            {
              "name": "Id",
              "datatype": "nvarchar",
              "precision": 18,
              "scale": 0,
              "nullable": true,
              "key_type": "NOT A KEY"
            },
            {
              "name": "IsDeleted",
              "datatype": "nvarchar",
              "precision": 10,
              "scale": 0,
              "nullable": true,
              "key_type": "NOT A KEY"
            },
            {
              "name": "AccountId",
              "datatype": "nvarchar",
              "precision": 18,
              "scale": 0,
              "nullable": true,
              "key_type": "NOT A KEY"
            },
            {
              "name": "LastName",
              "datatype": "nvarchar",
              "precision": 80,
              "scale": 0,
              "nullable": true,
              "key_type": "NOT A KEY"
            },
            {
              "name": "FirstName",
              "datatype": "nvarchar",
              "precision": 40,
              "scale": 0,
              "nullable": true,
              "key_type": "NOT A KEY"
            },
            {
              "name": "Salutation",
              "datatype": "nvarchar",
              "precision": 40,
              "scale": 0,
              "nullable": true,
              "key_type": "NOT A KEY"
            },
            {
              "name": "Name",
              "datatype": "nvarchar",
              "precision": 121,
              "scale": 0,
              "nullable": true,
              "key_type": "NOT A KEY"
            },
            {
              "name": "RecordTypeId",
              "datatype": "nvarchar",
              "precision": 18,
              "scale": 0,
              "nullable": true,
              "key_type": "NOT A KEY"
            },
            {
              "name": "OtherStreet",
              "datatype": "nvarchar",
              "precision": 255,
              "scale": 0,
              "nullable": true,
              "key_type": "NOT A KEY"
            },
            {
              "name": "OtherCity",
              "datatype": "nvarchar",
              "precision": 40,
              "scale": 0,
              "nullable": true,
              "key_type": "NOT A KEY"
            },
            {
              "name": "OtherState",
              "datatype": "nvarchar",
              "precision": 80,
              "scale": 0,
              "nullable": true,
              "key_type": "NOT A KEY"
            },
            {
              "name": "OtherPostalCode",
              "datatype": "nvarchar",
              "precision": 20,
              "scale": 0,
              "nullable": true,
              "key_type": "NOT A KEY"
            },
            {
              "name": "OtherCountry",
              "datatype": "nvarchar",
              "precision": 80,
              "scale": 0,
              "nullable": true,
              "key_type": "NOT A KEY"
            },
            {
              "name": "MailingStreet",
              "datatype": "nvarchar",
              "precision": 255,
              "scale": 0,
              "nullable": true,
              "key_type": "NOT A KEY"
            },
            {
              "name": "MailingCity",
              "datatype": "nvarchar",
              "precision": 40,
              "scale": 0,
              "nullable": true,
              "key_type": "NOT A KEY"
            },
            {
              "name": "MailingState",
              "datatype": "nvarchar",
              "precision": 80,
              "scale": 0,
              "nullable": true,
              "key_type": "NOT A KEY"
            },
            {
              "name": "MailingPostalCode",
              "datatype": "nvarchar",
              "precision": 20,
              "scale": 0,
              "nullable": true,
              "key_type": "NOT A KEY"
            },
            {
              "name": "MailingCountry",
              "datatype": "nvarchar",
              "precision": 80,
              "scale": 0,
              "nullable": true,
              "key_type": "NOT A KEY"
            },
            {
              "name": "Phone",
              "datatype": "nvarchar",
              "precision": 40,
              "scale": 0,
              "nullable": true,
              "key_type": "NOT A KEY"
            },
            {
              "name": "Fax",
              "datatype": "nvarchar",
              "precision": 40,
              "scale": 0,
              "nullable": true,
              "key_type": "NOT A KEY"
            },
            {
              "name": "Email",
              "datatype": "nvarchar",
              "precision": 80,
              "scale": 0,
              "nullable": true,
              "key_type": "NOT A KEY"
            },
            {
              "name": "CreatedDate",
              "datatype": "nvarchar",
              "precision": 29,
              "scale": 0,
              "nullable": true,
              "key_type": "NOT A KEY"
            },
            {
              "name": "CreatedById",
              "datatype": "nvarchar",
              "precision": 18,
              "scale": 0,
              "nullable": true,
              "key_type": "NOT A KEY"
            },
            {
              "name": "LastModifiedDate",
              "datatype": "nvarchar",
              "precision": 29,
              "scale": 0,
              "nullable": true,
              "key_type": "NOT A KEY"
            },
            {
              "name": "LastModifiedById",
              "datatype": "nvarchar",
              "precision": 18,
              "scale": 0,
              "nullable": true,
              "key_type": "NOT A KEY"
            },
            {
              "name": "Contact_Mktg_Email_Restriction__c",
              "datatype": "nvarchar",
              "precision": 255,
              "scale": 0,
              "nullable": true,
              "key_type": "NOT A KEY"
            },
            {
              "name": "Contact_Role__c",
              "datatype": "nvarchar",
              "precision": 255,
              "scale": 0,
              "nullable": true,
              "key_type": "NOT A KEY"
            },
            {
              "name": "Direct__c",
              "datatype": "nvarchar",
              "precision": 1300,
              "scale": 0,
              "nullable": true,
              "key_type": "NOT A KEY"
            },
            {
              "name": "Nickname__c",
              "datatype": "nvarchar",
              "precision": 50,
              "scale": 0,
              "nullable": true,
              "key_type": "NOT A KEY"
            },
            {
              "name": "Office_ID__c",
              "datatype": "nvarchar",
              "precision": 1300,
              "scale": 0,
              "nullable": true,
              "key_type": "NOT A KEY"
            },
            {
              "name": "RP_Classification__c",
              "datatype": "nvarchar",
              "precision": 15,
              "scale": 0,
              "nullable": true,
              "key_type": "NOT A KEY"
            },
            {
              "name": "RP_Segment__c",
              "datatype": "nvarchar",
              "precision": 255,
              "scale": 0,
              "nullable": true,
              "key_type": "NOT A KEY"
            },
            {
              "name": "Sequence_N__c",
              "datatype": "nvarchar",
              "precision": 30,
              "scale": 0,
              "nullable": true,
              "key_type": "NOT A KEY"
            },
            {
              "name": "Status__c",
              "datatype": "nvarchar",
              "precision": 255,
              "scale": 0,
              "nullable": true,
              "key_type": "NOT A KEY"
            },
            {
              "name": "Type__c",
              "datatype": "nvarchar",
              "precision": 255,
              "scale": 0,
              "nullable": true,
              "key_type": "NOT A KEY"
            },
            {
              "name": "RP_Specialist__c",
              "datatype": "nvarchar",
              "precision": 10,
              "scale": 0,
              "nullable": true,
              "key_type": "NOT A KEY"
            },
            {
              "name": "Email_Pref_OAG__c",
              "datatype": "nvarchar",
              "precision": 10,
              "scale": 0,
              "nullable": true,
              "key_type": "NOT A KEY"
            },
            {
              "name": "Extension__c",
              "datatype": "nvarchar",
              "precision": 20,
              "scale": 0,
              "nullable": true,
              "key_type": "NOT A KEY"
            },
            {
              "name": "Middle_Initial__c",
              "datatype": "nvarchar",
              "precision": 20,
              "scale": 0,
              "nullable": true,
              "key_type": "NOT A KEY"
            },
            {
              "name": "Organization_Type__c",
              "datatype": "nvarchar",
              "precision": 1300,
              "scale": 0,
              "nullable": true,
              "key_type": "NOT A KEY"
            },
            {
              "name": "Role_Status__c",
              "datatype": "nvarchar",
              "precision": 255,
              "scale": 0,
              "nullable": true,
              "key_type": "NOT A KEY"
            },
            {
              "name": "Retail_Segmentation__c",
              "datatype": "nvarchar",
              "precision": 255,
              "scale": 0,
              "nullable": true,
              "key_type": "NOT A KEY"
            },
            {
              "name": "HNW_Segmentation__c",
              "datatype": "nvarchar",
              "precision": 255,
              "scale": 0,
              "nullable": true,
              "key_type": "NOT A KEY"
            },
            {
              "name": "Other_Reason_Code_Details__c",
              "datatype": "nvarchar",
              "precision": 255,
              "scale": 0,
              "nullable": true,
              "key_type": "NOT A KEY"
            },
            {
              "name": "Reason_Code_Clarification__c",
              "datatype": "nvarchar",
              "precision": 255,
              "scale": 0,
              "nullable": true,
              "key_type": "NOT A KEY"
            },
            {
              "name": "Reason_Code__c",
              "datatype": "nvarchar",
              "precision": 255,
              "scale": 0,
              "nullable": true,
              "key_type": "NOT A KEY"
            },
            {
              "name": "RecordtypeName",
              "datatype": "nvarchar",
              "precision": 80,
              "scale": 0,
              "nullable": true,
              "key_type": "NOT A KEY"
            },
            {
              "name": "CDM_GUID",
              "datatype": "nvarchar",
              "precision": 100,
              "scale": 0,
              "nullable": true,
              "key_type": "NOT A KEY"
            },
            {
              "name": "SOURCE_SYSTEM_NAME",
              "datatype": "nvarchar",
              "precision": 20,
              "scale": 0,
              "nullable": true,
              "key_type": "NOT A KEY"
            },
            {
              "name": "Rep_CRD__c",
              "datatype": "nvarchar",
              "precision": 15,
              "scale": 0,
              "nullable": true,
              "key_type": "NOT A KEY"
            },
            {
              "name": "Createdby_Alias",
              "datatype": "nvarchar",
              "precision": 8,
              "scale": 0,
              "nullable": true,
              "key_type": "NOT A KEY"
            },
            {
              "name": "Lastmodifiedby_Alias",
              "datatype": "nvarchar",
              "precision": 8,
              "scale": 0,
              "nullable": true,
              "key_type": "NOT A KEY"
            },
            {
              "name": "Primary_Address_Type__c",
              "datatype": "nvarchar",
              "precision": 255,
              "scale": 0,
              "nullable": true,
              "key_type": "NOT A KEY"
            },
            {
              "name": "Secondary_Address_Type__c",
              "datatype": "nvarchar",
              "precision": 255,
              "scale": 0,
              "nullable": true,
              "key_type": "NOT A KEY"
            },
            {
              "name": "Birthdate",
              "datatype": "nvarchar",
              "precision": 29,
              "scale": 0,
              "nullable": true,
              "key_type": "NOT A KEY"
            },
            {
              "name": "Hire_Date__c",
              "datatype": "nvarchar",
              "precision": 29,
              "scale": 0,
              "nullable": true,
              "key_type": "NOT A KEY"
            },
            {
              "name": "Alternate_Phone__c",
              "datatype": "nvarchar",
              "precision": 40,
              "scale": 0,
              "nullable": true,
              "key_type": "NOT A KEY"
            },
            {
              "name": "Alternate_Email__c",
              "datatype": "nvarchar",
              "precision": 80,
              "scale": 0,
              "nullable": true,
              "key_type": "NOT A KEY"
            },
            {
              "name": "Dealer_Advisor_Segmentation__c",
              "datatype": "nvarchar",
              "precision": 255,
              "scale": 0,
              "nullable": true,
              "key_type": "NOT A KEY"
            },
            {
              "name": "Dealer_Segment__c",
              "datatype": "nvarchar",
              "precision": 15,
              "scale": 0,
              "nullable": true,
              "key_type": "NOT A KEY"
            },
            {
              "name": "Advisory_Segmentation__c",
              "datatype": "nvarchar",
              "precision": 255,
              "scale": 0,
              "nullable": true,
              "key_type": "NOT A KEY"
            },
            {
              "name": "Advisory_Reason_Code__c",
              "datatype": "nvarchar",
              "precision": 255,
              "scale": 0,
              "nullable": true,
              "key_type": "NOT A KEY"
            },
            {
              "name": "Advisory_Reason_Code_Clarification__c",
              "datatype": "nvarchar",
              "precision": 255,
              "scale": 0,
              "nullable": true,
              "key_type": "NOT A KEY"
            },
            {
              "name": "Advisory_Other_Reason_Code_Details__c",
              "datatype": "nvarchar",
              "precision": 255,
              "scale": 0,
              "nullable": true,
              "key_type": "NOT A KEY"
            },
            {
              "name": "ARL_Contact_Classification__c",
              "datatype": "nvarchar",
              "precision": 255,
              "scale": 0,
              "nullable": true,
              "key_type": "NOT A KEY"
            },
            {
              "name": "Ins_Contact_Rating__c",
              "datatype": "nvarchar",
              "precision": 255,
              "scale": 0,
              "nullable": true,
              "key_type": "NOT A KEY"
            },
            {
              "name": "Segmentation_1__c",
              "datatype": "nvarchar",
              "precision": 50,
              "scale": 0,
              "nullable": true,
              "key_type": "NOT A KEY"
            },
            {
              "name": "Segmentation_2__c",
              "datatype": "nvarchar",
              "precision": 50,
              "scale": 0,
              "nullable": true,
              "key_type": "NOT A KEY"
            },
            {
              "name": "Segmentation_3__c",
              "datatype": "nvarchar",
              "precision": 50,
              "scale": 0,
              "nullable": true,
              "key_type": "NOT A KEY"
            },
            {
              "name": "Segmentation_4__c",
              "datatype": "nvarchar",
              "precision": 50,
              "scale": 0,
              "nullable": true,
              "key_type": "NOT A KEY"
            },
            {
              "name": "CIAM_Prospect_Level__c",
              "datatype": "nvarchar",
              "precision": 255,
              "scale": 0,
              "nullable": true,
              "key_type": "NOT A KEY"
            },
            {
              "name": "Insurance_Partner_ID",
              "datatype": "nvarchar",
              "precision": 25,
              "scale": 0,
              "nullable": true,
              "key_type": "NOT A KEY"
            },
            {
              "name": "Local_Suffix__c",
              "datatype": "nvarchar",
              "precision": 15,
              "scale": 0,
              "nullable": true,
              "key_type": "NOT A KEY"
            },
            {
              "name": "mobilephone",
              "datatype": "nvarchar",
              "precision": 40,
              "scale": 0,
              "nullable": true,
              "key_type": "NOT A KEY"
            },
            {
              "name": "linkedin_profile__c",
              "datatype": "nvarchar",
              "precision": 255,
              "scale": 0,
              "nullable": true,
              "key_type": "NOT A KEY"
            },
            {
              "name": "suffix__c",
              "datatype": "nvarchar",
              "precision": 29,
              "scale": 0,
              "nullable": true,
              "key_type": "NOT A KEY"
            },
            {
              "name": "team_profile__c",
              "datatype": "nvarchar",
              "precision": 5,
              "scale": 0,
              "nullable": true,
              "key_type": "NOT A KEY"
            },
            {
              "name": "website__c",
              "datatype": "varchar",
              "precision": 255,
              "scale": 0,
              "nullable": true,
              "key_type": "NOT A KEY"
            },
            {
              "name": "Primary_Contact_Role__c",
              "datatype": "varchar",
              "precision": 255,
              "scale": 0,
              "nullable": true,
              "key_type": "NOT A KEY"
            },
            {
              "name": "Org_Office_Roles__c",
              "datatype": "varchar",
              "precision": 4099,
              "scale": 0,
              "nullable": true,
              "key_type": "NOT A KEY"
            },
            {
              "name": "Parent_Recordtype_Name",
              "datatype": "varchar",
              "precision": 80,
              "scale": 0,
              "nullable": true,
              "key_type": "NOT A KEY"
            },
            {
              "name": "Servicing_Email__c",
              "datatype": "varchar",
              "precision": 80,
              "scale": 0,
              "nullable": true,
              "key_type": "NOT A KEY"
            },
            {
              "name": "Servicing_Phone__c",
              "datatype": "varchar",
              "precision": 80,
              "scale": 0,
              "nullable": true,
              "key_type": "NOT A KEY"
            },
            {
              "name": "Professional_Credentials__c",
              "datatype": "varchar",
              "precision": 255,
              "scale": 0,
              "nullable": true,
              "key_type": "NOT A KEY"
            },
            {
              "name": "Role_Status_primary_office__c",
              "datatype": "varchar",
              "precision": 100,
              "scale": 0,
              "nullable": true,
              "key_type": "NOT A KEY"
            }
          ],
          "needs_connection": true
        }
      ],
      "targets": [
        {
          "name": "TODAY_PARTY_CNTCT_MCHSM_XFORM",
          "database_type": "Microsoft SQL Server",
          "field_count": 20,
          "needs_destination": true
        }
      ],
      "transform_summary": {
        "source_qualifiers": 1,
        "expressions": 1,
        "filters": 1,
        "joiners": 0,
        "lookups": 3,
        "stored_procedures": 0,
        "update_strategies": 0,
        "aggregators": 0,
        "sorters": 0,
        "routers": 0,
        "unions": 0,
        "others": 0
      },
      "main_flow": [
        {
          "instance_name": "pre_land_sfdc_contact_sfdc",
          "instance_type": "SOURCE",
          "order": 0
        },
        {
          "instance_name": "LKP_PARTY_ROLE_SOFIDORIS",
          "instance_type": "TRANSFORMATION",
          "order": 1
        },
        {
          "instance_name": "LKP_PARTY_ROLE_SFDC",
          "instance_type": "TRANSFORMATION",
          "order": 2
        },
        {
          "instance_name": "lkp_values",
          "instance_type": "TRANSFORMATION",
          "order": 3
        },
        {
          "instance_name": "SQ_pre_land_sfdc_contact_sfdc",
          "instance_type": "TRANSFORMATION",
          "order": 4
        },
        {
          "instance_name": "FILTRANS",
          "instance_type": "TRANSFORMATION",
          "order": 5
        },
        {
          "instance_name": "EXPTRANS",
          "instance_type": "TRANSFORMATION",
          "order": 6
        },
        {
          "instance_name": "TODAY_PARTY_CNTCT_MCHSM_XFORM_SFDC",
          "instance_type": "TARGET",
          "order": 7
        }
      ],
      "detached_lookups": [],
      "detached_sps": [],
      "expression_analysis": {
        "lookups": [
          {
            "lookup_name": "lkp_values",
            "input_ports": [
              "ltrim(rtrim(Type"
            ],
            "output_ports": [],
            "condition": ""
          },
          {
            "lookup_name": "LKP_PARTY_ROLE_SOFIDORIS",
            "input_ports": [
              "'PER_'||Sequence_N__c"
            ],
            "output_ports": [],
            "condition": ""
          },
          {
            "lookup_name": "LKP_PARTY_ROLE_SFDC",
            "input_ports": [
              "'PER_'||Id"
            ],
            "output_ports": [],
            "condition": ""
          }
        ],
        "stored_procs": [],
        "pm_variables": [
          "$PMMappingName"
        ],
        "unknown_references": []
      },
      "required_user_inputs": [
        {
          "type": "connection",
          "source_name": "pre_land_sfdc_contact",
          "label": "Database connection for pre_land_sfdc_contact",
          "db_name": "CDM_SQL_PRE_LANDING_SRC",
          "database_type": "Microsoft SQL Server"
        },
        {
          "type": "target_config",
          "target_name": "TODAY_PARTY_CNTCT_MCHSM_XFORM",
          "label": "Target configuration for TODAY_PARTY_CNTCT_MCHSM_XFORM",
          "needs": [
            "format",
            "destination",
            "write_mode"
          ]
        }
      ],
      "flow_text": "pre_land_sfdc_contact_sfdc (SRC) -> SQ_pre_land_sfdc_contact_sfdc (TRA) -> FILTRANS (TRA) -> EXPTRANS (TRA) -> TODAY_PARTY_CNTCT_MCHSM_XFORM_SFDC (TGT)"
    }
  ],
  "warnings": [],
  "errors": []
}