{
  "mapping_name": "m_landing_party_external_id_delta",
  "status": "success",
  "coverage_percent": 100.0,
  "generated_files": [
    "m_landing_party_external_id_delta.py"
  ],
  "warnings": [
    {
      "severity": "warning",
      "category": "conversion",
      "message": "No connection alias found for C_LDG_PARTY_EXTERNAL_ID, using 'target_db'",
      "details": null
    },
    {
      "severity": "warning",
      "category": "conversion",
      "message": "No connection alias found for C_LDG_PARTY_EXTERNAL_ID, using 'target_db'",
      "details": null
    }
  ],
  "errors": [],
  "manual_items": [],
  "unsupported_features": []
}