{
  "mapping_name": "m_landing_sfdc_to_cdm_contact_party",
  "status": "needs_review",
  "coverage_percent": 77.8,
  "generated_files": [
    "mapping_m_landing_sfdc_to_cdm_contact_party.py",
    "config.yml"
  ],
  "warnings": [
    {
      "severity": "warning",
      "category": "conversion",
      "message": "Unsupported transformation type: Stored Procedure (SP_LKP_LOAD_TOTAL_ERROR_INFO)",
      "details": null
    }
  ],
  "errors": [
    {
      "severity": "error",
      "category": "quality_gate",
      "message": "Found placeholder/unresolved reference: 'TODO:' (1 occurrences)",
      "details": "The generated code contains 'TODO:' which indicates an unresolved placeholder"
    }
  ],
  "manual_items": [
    {
      "severity": "info",
      "category": "todo",
      "message": "# TODO: Translate the above SQL to PySpark or use spark.sql() with pushdown",
      "details": "Line 201"
    }
  ],
  "unsupported_features": []
}