{
  "mapping_name": "m_load_fidelity_trading_id_from_emo",
  "status": "needs_review",
  "coverage_percent": 92.5,
  "generated_files": [
    "mapping_m_load_fidelity_trading_id_from_emo.py",
    "config.yml"
  ],
  "warnings": [
    {
      "severity": "warning",
      "category": "conversion",
      "message": "No connection alias found for C_PARTY_EMO_HIST, using 'target_db'",
      "details": null
    },
    {
      "severity": "warning",
      "category": "conversion",
      "message": "No connection alias found for Fidelity_Trading_ID_Manual_Review_Report, using 'target_db'",
      "details": null
    },
    {
      "severity": "warning",
      "category": "conversion",
      "message": "No input DataFrame found for EXPTRANS3",
      "details": null
    },
    {
      "severity": "warning",
      "category": "conversion",
      "message": "No input DataFrame found for EXPTRANS2",
      "details": null
    },
    {
      "severity": "warning",
      "category": "conversion",
      "message": "No input DataFrame found for EXPTRANS32",
      "details": null
    },
    {
      "severity": "warning",
      "category": "conversion",
      "message": "No connection alias found for Today_Party_Trading_ID_Xform, using 'target_db'",
      "details": null
    },
    {
      "severity": "warning",
      "category": "conversion",
      "message": "No connection alias found for Fidelity_Trading_ID_Manual_Review_Report, using 'target_db'",
      "details": null
    },
    {
      "severity": "warning",
      "category": "conversion",
      "message": "No connection alias found for trading_id_manual_review_report, using 'target_db'",
      "details": null
    },
    {
      "severity": "warning",
      "category": "conversion",
      "message": "No connection alias found for trk_mtch_org_trading_id, using 'target_db'",
      "details": null
    },
    {
      "severity": "warning",
      "category": "conversion",
      "message": "No connection alias found for trk_mtch_org_trading_id, using 'target_db'",
      "details": null
    }
  ],
  "errors": [
    {
      "severity": "error",
      "category": "quality_gate",
      "message": "Found placeholder/unresolved reference: 'TODO:' (3 occurrences)",
      "details": "The generated code contains 'TODO:' which indicates an unresolved placeholder"
    }
  ],
  "manual_items": [
    {
      "severity": "info",
      "category": "todo",
      "message": "# TODO: Define join condition for lookup",
      "details": "Line 681"
    },
    {
      "severity": "info",
      "category": "todo",
      "message": "# TODO: Define join condition for lookup",
      "details": "Line 705"
    },
    {
      "severity": "info",
      "category": "todo",
      "message": "# TODO: Define join condition for lookup",
      "details": "Line 806"
    }
  ],
  "unsupported_features": []
}