{
  "artifact_id": "2688d2c5",
  "sources": [
    {
      "source_name": "Fidelity_Trading_ID_Manual_Review_Report",
      "source_type": "FILE",
      "connection_alias": null,
      "file_format": "csv",
      "file_location": "local",
      "file_path": "",
      "delimiter": ",",
      "header": true,
      "quote_char": "\"",
      "escape_char": "\\",
      "encoding": "UTF-8"
    },
    {
      "source_name": "etl_config",
      "source_type": "SQL",
      "connection_alias": "msscdm_dev",
      "file_format": null,
      "file_location": null,
      "file_path": null,
      "delimiter": ",",
      "header": true,
      "quote_char": "\"",
      "escape_char": "\\",
      "encoding": "UTF-8"
    },
    {
      "source_name": "Trading_ID_Plan_Sponsor_For_Further_Match",
      "source_type": "SQL",
      "connection_alias": "CDM Prelanding new",
      "file_format": null,
      "file_location": null,
      "file_path": null,
      "delimiter": ",",
      "header": true,
      "quote_char": "\"",
      "escape_char": "\\",
      "encoding": "UTF-8"
    },
    {
      "source_name": "C_PARTY_EMO",
      "source_type": "SQL",
      "connection_alias": "CDM Prelanding new",
      "file_format": null,
      "file_location": null,
      "file_path": null,
      "delimiter": ",",
      "header": true,
      "quote_char": "\"",
      "escape_char": "\\",
      "encoding": "UTF-8"
    },
    {
      "source_name": "C_PARTY_XREF",
      "source_type": "SQL",
      "connection_alias": "CDM",
      "file_format": null,
      "file_location": null,
      "file_path": null,
      "delimiter": ",",
      "header": true,
      "quote_char": "\"",
      "escape_char": "\\",
      "encoding": "UTF-8"
    }
  ],
  "targets": [
    {
      "target_name": "Fidelity_Trading_ID_Manual_Review_Report",
      "output_format": "delta",
      "destination_path": "",
      "table_name": "Fidelity_Trading_ID_Manual_Review_Report",
      "write_mode": "append",
      "connection_alias": null
    },
    {
      "target_name": "trading_id_manual_review_report",
      "output_format": "delta",
      "destination_path": "",
      "table_name": "trading_id_manual_review_report",
      "write_mode": "append",
      "connection_alias": null
    },
    {
      "target_name": "C_PARTY_EMO_HIST",
      "output_format": "delta",
      "destination_path": "",
      "table_name": "C_PARTY_EMO_HIST",
      "write_mode": "append",
      "connection_alias": null
    },
    {
      "target_name": "Today_Party_Trading_ID_Xform",
      "output_format": "delta",
      "destination_path": "",
      "table_name": "Today_Party_Trading_ID_Xform",
      "write_mode": "append",
      "connection_alias": null
    },
    {
      "target_name": "trk_mtch_org_trading_id",
      "output_format": "delta",
      "destination_path": "",
      "table_name": "trk_mtch_org_trading_id",
      "write_mode": "append",
      "connection_alias": null
    },
    {
      "target_name": "trk_mtch_org_trading_id_hist",
      "output_format": "delta",
      "destination_path": "",
      "table_name": "trk_mtch_org_trading_id_hist",
      "write_mode": "append",
      "connection_alias": null
    }
  ],
  "db_connections": {},
  "connection_mappings": {},
  "options": {
    "generate_orchestration": true,
    "use_delta_format": true,
    "broadcast_lookups": true,
    "generate_tests": false
  }
}