{
  "mapping_name": "m_landing_brightscope_advisor_external_id_delta",
  "status": "needs_review",
  "coverage_percent": 92.3,
  "generated_files": [
    "mapping_m_landing_brightscope_advisor_external_id_delta.py",
    "config.yml"
  ],
  "warnings": [],
  "errors": [
    {
      "severity": "error",
      "category": "quality_gate",
      "message": "Found placeholder/unresolved reference: 'source_db' (3 occurrences)",
      "details": "The generated code contains 'source_db' which indicates an unresolved placeholder"
    }
  ],
  "manual_items": [],
  "unsupported_features": []
}