{
  "xml_type": "POWERMART",
  "folder_name": "CDM_DEV3_SFDC",
  "repository_name": "pc105_repo_dev2_3",
  "mapping_count": 1,
  "mappings": [
    {
      "mapping_name": "m_landing_sfdc_to_cdm_office_party",
      "sources": [
        {
          "name": "pre_land_sfdc_office",
          "type": "SQL",
          "database_type": "Microsoft SQL Server",
          "db_name": "CDM_SQL_PRE_LANDING_SRC",
          "owner_name": "dbo",
          "field_count": 45,
          "confidence": "high",
          "fields": [
            {
              "name": "Id",
              "datatype": "nvarchar",
              "precision": 18,
              "scale": 0,
              "nullable": true,
              "key_type": "NOT A KEY"
            },
            {
              "name": "ParentId",
              "datatype": "nvarchar",
              "precision": 18,
              "scale": 0,
              "nullable": true,
              "key_type": "NOT A KEY"
            },
            {
              "name": "Tier__c",
              "datatype": "nvarchar",
              "precision": 255,
              "scale": 0,
              "nullable": true,
              "key_type": "NOT A KEY"
            },
            {
              "name": "Status__c",
              "datatype": "nvarchar",
              "precision": 255,
              "scale": 0,
              "nullable": true,
              "key_type": "NOT A KEY"
            },
            {
              "name": "RecordTypeName",
              "datatype": "nvarchar",
              "precision": 80,
              "scale": 0,
              "nullable": true,
              "key_type": "NOT A KEY"
            },
            {
              "name": "Type",
              "datatype": "nvarchar",
              "precision": 40,
              "scale": 0,
              "nullable": true,
              "key_type": "NOT A KEY"
            },
            {
              "name": "Direct__c",
              "datatype": "nvarchar",
              "precision": 15,
              "scale": 0,
              "nullable": true,
              "key_type": "NOT A KEY"
            },
            {
              "name": "Office_Name_Short__c",
              "datatype": "nvarchar",
              "precision": 100,
              "scale": 0,
              "nullable": true,
              "key_type": "NOT A KEY"
            },
            {
              "name": "Name",
              "datatype": "nvarchar",
              "precision": 255,
              "scale": 0,
              "nullable": true,
              "key_type": "NOT A KEY"
            },
            {
              "name": "Marketing_Email_Restriction__c",
              "datatype": "nvarchar",
              "precision": 255,
              "scale": 0,
              "nullable": true,
              "key_type": "NOT A KEY"
            },
            {
              "name": "Office_ID__c",
              "datatype": "nvarchar",
              "precision": 25,
              "scale": 0,
              "nullable": true,
              "key_type": "NOT A KEY"
            },
            {
              "name": "BillingStreet",
              "datatype": "nvarchar",
              "precision": 255,
              "scale": 0,
              "nullable": true,
              "key_type": "NOT A KEY"
            },
            {
              "name": "BillingCity",
              "datatype": "nvarchar",
              "precision": 40,
              "scale": 0,
              "nullable": true,
              "key_type": "NOT A KEY"
            },
            {
              "name": "BillingState",
              "datatype": "nvarchar",
              "precision": 80,
              "scale": 0,
              "nullable": true,
              "key_type": "NOT A KEY"
            },
            {
              "name": "BillingPostalCode",
              "datatype": "nvarchar",
              "precision": 20,
              "scale": 0,
              "nullable": true,
              "key_type": "NOT A KEY"
            },
            {
              "name": "BillingCountry",
              "datatype": "nvarchar",
              "precision": 80,
              "scale": 0,
              "nullable": true,
              "key_type": "NOT A KEY"
            },
            {
              "name": "IsDeleted",
              "datatype": "nvarchar",
              "precision": 5,
              "scale": 0,
              "nullable": true,
              "key_type": "NOT A KEY"
            },
            {
              "name": "CreatedByAlias",
              "datatype": "nvarchar",
              "precision": 8,
              "scale": 0,
              "nullable": true,
              "key_type": "NOT A KEY"
            },
            {
              "name": "CreatedDate",
              "datatype": "nvarchar",
              "precision": 29,
              "scale": 0,
              "nullable": true,
              "key_type": "NOT A KEY"
            },
            {
              "name": "LastModifiedByAlias",
              "datatype": "nvarchar",
              "precision": 18,
              "scale": 0,
              "nullable": true,
              "key_type": "NOT A KEY"
            },
            {
              "name": "LastModifiedDate",
              "datatype": "nvarchar",
              "precision": 29,
              "scale": 0,
              "nullable": true,
              "key_type": "NOT A KEY"
            },
            {
              "name": "GU_ID__c",
              "datatype": "nvarchar",
              "precision": 18,
              "scale": 0,
              "nullable": true,
              "key_type": "NOT A KEY"
            },
            {
              "name": "Source_System_Name",
              "datatype": "nvarchar",
              "precision": 18,
              "scale": 0,
              "nullable": true,
              "key_type": "NOT A KEY"
            },
            {
              "name": "Primary_Address_Type__c",
              "datatype": "nvarchar",
              "precision": 255,
              "scale": 0,
              "nullable": true,
              "key_type": "NOT A KEY"
            },
            {
              "name": "Secondary_Address_Type__c",
              "datatype": "nvarchar",
              "precision": 255,
              "scale": 0,
              "nullable": true,
              "key_type": "NOT A KEY"
            },
            {
              "name": "Location_Type__c",
              "datatype": "nvarchar",
              "precision": 255,
              "scale": 0,
              "nullable": true,
              "key_type": "NOT A KEY"
            },
            {
              "name": "shippingstreet",
              "datatype": "nvarchar",
              "precision": 255,
              "scale": 0,
              "nullable": true,
              "key_type": "NOT A KEY"
            },
            {
              "name": "shippingcity",
              "datatype": "nvarchar",
              "precision": 40,
              "scale": 0,
              "nullable": true,
              "key_type": "NOT A KEY"
            },
            {
              "name": "shippingstate",
              "datatype": "nvarchar",
              "precision": 80,
              "scale": 0,
              "nullable": true,
              "key_type": "NOT A KEY"
            },
            {
              "name": "shippingpostalcode",
              "datatype": "nvarchar",
              "precision": 20,
              "scale": 0,
              "nullable": true,
              "key_type": "NOT A KEY"
            },
            {
              "name": "ShipingCountry",
              "datatype": "nvarchar",
              "precision": 80,
              "scale": 0,
              "nullable": true,
              "key_type": "NOT A KEY"
            },
            {
              "name": "Phone",
              "datatype": "nvarchar",
              "precision": 40,
              "scale": 0,
              "nullable": true,
              "key_type": "NOT A KEY"
            },
            {
              "name": "Fax",
              "datatype": "nvarchar",
              "precision": 40,
              "scale": 0,
              "nullable": true,
              "key_type": "NOT A KEY"
            },
            {
              "name": "Website",
              "datatype": "nvarchar",
              "precision": 255,
              "scale": 0,
              "nullable": true,
              "key_type": "NOT A KEY"
            },
            {
              "name": "W_9__c",
              "datatype": "nvarchar",
              "precision": 255,
              "scale": 0,
              "nullable": true,
              "key_type": "NOT A KEY"
            },
            {
              "name": "Primary_Channel__c",
              "datatype": "nvarchar",
              "precision": 255,
              "scale": 0,
              "nullable": true,
              "key_type": "NOT A KEY"
            },
            {
              "name": "Advisory_Segmentation__c",
              "datatype": "nvarchar",
              "precision": 255,
              "scale": 0,
              "nullable": true,
              "key_type": "NOT A KEY"
            },
            {
              "name": "Advisory_Reason_Code__c",
              "datatype": "nvarchar",
              "precision": 255,
              "scale": 0,
              "nullable": true,
              "key_type": "NOT A KEY"
            },
            {
              "name": "Advisory_Reason_Code_Clarification__c",
              "datatype": "nvarchar",
              "precision": 255,
              "scale": 0,
              "nullable": true,
              "key_type": "NOT A KEY"
            },
            {
              "name": "Advisory_Other_Reason_Code_Details__c",
              "datatype": "nvarchar",
              "precision": 255,
              "scale": 0,
              "nullable": true,
              "key_type": "NOT A KEY"
            },
            {
              "name": "Segment__c",
              "datatype": "nvarchar",
              "precision": 255,
              "scale": 0,
              "nullable": true,
              "key_type": "NOT A KEY"
            },
            {
              "name": "Restrict_Mail__c",
              "datatype": "nvarchar",
              "precision": 5,
              "scale": 0,
              "nullable": true,
              "key_type": "NOT A KEY"
            },
            {
              "name": "Inactivated_Date__c",
              "datatype": "nvarchar",
              "precision": 29,
              "scale": 0,
              "nullable": true,
              "key_type": "NOT A KEY"
            },
            {
              "name": "segmentation__c",
              "datatype": "nvarchar",
              "precision": 255,
              "scale": 0,
              "nullable": true,
              "key_type": "NOT A KEY"
            },
            {
              "name": "Roles__c",
              "datatype": "varchar",
              "precision": 255,
              "scale": 0,
              "nullable": true,
              "key_type": "NOT A KEY"
            }
          ],
          "needs_connection": true
        }
      ],
      "targets": [
        {
          "name": "today_party_xform",
          "type": "SQL",
          "database_type": "Microsoft SQL Server",
          "db_name": "",
          "owner_name": "",
          "field_count": 36,
          "needs_destination": true,
          "pyspark_write": "df.write.jdbc(url, 'today_party_xform', properties)",
          "fields": [
            {
              "name": "src_rowid",
              "datatype": "bigint",
              "precision": 19,
              "scale": 0,
              "nullable": false,
              "key_type": "NOT A KEY"
            },
            {
              "name": "org_legal_name",
              "datatype": "nvarchar",
              "precision": 255,
              "scale": 0,
              "nullable": true,
              "key_type": "NOT A KEY"
            },
            {
              "name": "org_name",
              "datatype": "nvarchar",
              "precision": 255,
              "scale": 0,
              "nullable": true,
              "key_type": "NOT A KEY"
            },
            {
              "name": "person_last_name",
              "datatype": "nvarchar",
              "precision": 50,
              "scale": 0,
              "nullable": true,
              "key_type": "NOT A KEY"
            },
            {
              "name": "last_updated_date",
              "datatype": "nvarchar",
              "precision": 23,
              "scale": 0,
              "nullable": true,
              "key_type": "NOT A KEY"
            },
            {
              "name": "source_party_id",
              "datatype": "nvarchar",
              "precision": 255,
              "scale": 0,
              "nullable": true,
              "key_type": "NOT A KEY"
            },
            {
              "name": "person_honorific_id",
              "datatype": "bigint",
              "precision": 19,
              "scale": 0,
              "nullable": true,
              "key_type": "NOT A KEY"
            },
            {
              "name": "person_middle_name",
              "datatype": "nvarchar",
              "precision": 50,
              "scale": 0,
              "nullable": true,
              "key_type": "NOT A KEY"
            },
            {
              "name": "person_gender_id",
              "datatype": "bigint",
              "precision": 19,
              "scale": 0,
              "nullable": true,
              "key_type": "NOT A KEY"
            },
            {
              "name": "office_type_id",
              "datatype": "bigint",
              "precision": 19,
              "scale": 0,
              "nullable": true,
              "key_type": "NOT A KEY"
            },
            {
              "name": "created_by",
              "datatype": "nvarchar",
              "precision": 50,
              "scale": 0,
              "nullable": true,
              "key_type": "NOT A KEY"
            },
            {
              "name": "created_date",
              "datatype": "nvarchar",
              "precision": 23,
              "scale": 0,
              "nullable": true,
              "key_type": "NOT A KEY"
            },
            {
              "name": "source_system",
              "datatype": "nvarchar",
              "precision": 50,
              "scale": 0,
              "nullable": true,
              "key_type": "NOT A KEY"
            },
            {
              "name": "person_pfsnl_crdntls_txt",
              "datatype": "nvarchar",
              "precision": 200,
              "scale": 0,
              "nullable": true,
              "key_type": "NOT A KEY"
            },
            {
              "name": "person_first_name",
              "datatype": "nvarchar",
              "precision": 50,
              "scale": 0,
              "nullable": true,
              "key_type": "NOT A KEY"
            },
            {
              "name": "deleted_indicator",
              "datatype": "nchar",
              "precision": 1,
              "scale": 0,
              "nullable": true,
              "key_type": "NOT A KEY"
            },
            {
              "name": "last_updated_by",
              "datatype": "nvarchar",
              "precision": 50,
              "scale": 0,
              "nullable": true,
              "key_type": "NOT A KEY"
            },
            {
              "name": "person_nickname",
              "datatype": "nvarchar",
              "precision": 50,
              "scale": 0,
              "nullable": true,
              "key_type": "NOT A KEY"
            },
            {
              "name": "group_name",
              "datatype": "nvarchar",
              "precision": 100,
              "scale": 0,
              "nullable": true,
              "key_type": "NOT A KEY"
            },
            {
              "name": "party_status_id",
              "datatype": "bigint",
              "precision": 19,
              "scale": 0,
              "nullable": true,
              "key_type": "NOT A KEY"
            },
            {
              "name": "person_name_suffix_id",
              "datatype": "bigint",
              "precision": 19,
              "scale": 0,
              "nullable": true,
              "key_type": "NOT A KEY"
            },
            {
              "name": "org_business_structure_type_id",
              "datatype": "bigint",
              "precision": 19,
              "scale": 0,
              "nullable": true,
              "key_type": "NOT A KEY"
            },
            {
              "name": "party_type_id",
              "datatype": "bigint",
              "precision": 19,
              "scale": 0,
              "nullable": true,
              "key_type": "NOT A KEY"
            },
            {
              "name": "party_inactivation_date",
              "datatype": "nvarchar",
              "precision": 23,
              "scale": 0,
              "nullable": true,
              "key_type": "NOT A KEY"
            },
            {
              "name": "party_tax_id",
              "datatype": "nvarchar",
              "precision": 50,
              "scale": 0,
              "nullable": true,
              "key_type": "NOT A KEY"
            },
            {
              "name": "group_nickname",
              "datatype": "nvarchar",
              "precision": 100,
              "scale": 0,
              "nullable": true,
              "key_type": "NOT A KEY"
            },
            {
              "name": "MAPPING_NAME",
              "datatype": "nvarchar",
              "precision": 80,
              "scale": 0,
              "nullable": true,
              "key_type": "NOT A KEY"
            },
            {
              "name": "PERSON_NAME_SUFFIX_RAW",
              "datatype": "varchar",
              "precision": 255,
              "scale": 0,
              "nullable": true,
              "key_type": "NOT A KEY"
            },
            {
              "name": "party_inctvtn_rsn_type_id",
              "datatype": "bigint",
              "precision": 19,
              "scale": 0,
              "nullable": true,
              "key_type": "NOT A KEY"
            },
            {
              "name": "DEFERRED_OWNERSHIP_IND",
              "datatype": "nvarchar",
              "precision": 1,
              "scale": 0,
              "nullable": true,
              "key_type": "NOT A KEY"
            },
            {
              "name": "PERSON_MIDDLE_INITIAL",
              "datatype": "char",
              "precision": 1,
              "scale": 0,
              "nullable": true,
              "key_type": "NOT A KEY"
            },
            {
              "name": "MATCHED_ROWID_OBJECT",
              "datatype": "char",
              "precision": 14,
              "scale": 0,
              "nullable": true,
              "key_type": "NOT A KEY"
            },
            {
              "name": "PARTY_QUALIFICATION_LEVEL_ID",
              "datatype": "char",
              "precision": 14,
              "scale": 0,
              "nullable": true,
              "key_type": "NOT A KEY"
            },
            {
              "name": "RIA_COVERAGE_TYPE_ID",
              "datatype": "bigint",
              "precision": 19,
              "scale": 0,
              "nullable": true,
              "key_type": "NOT A KEY"
            },
            {
              "name": "PRSN_JOB_TITLE",
              "datatype": "nvarchar",
              "precision": 255,
              "scale": 0,
              "nullable": true,
              "key_type": "NOT A KEY"
            },
            {
              "name": "CLIENT_GROUP_ID",
              "datatype": "nvarchar",
              "precision": 40,
              "scale": 0,
              "nullable": true,
              "key_type": "NOT A KEY"
            }
          ]
        }
      ],
      "transform_summary": {
        "source_qualifiers": 1,
        "expressions": 1,
        "filters": 2,
        "joiners": 0,
        "lookups": 2,
        "stored_procedures": 0,
        "update_strategies": 0,
        "aggregators": 0,
        "sorters": 0,
        "routers": 0,
        "unions": 0,
        "others": 0
      },
      "transformations": [
        {
          "name": "fltr_as_reqrd",
          "type": "Filter",
          "description": "",
          "field_count": 14,
          "pyspark_equivalent": "df.filter() / df.where()",
          "fields": [
            {
              "name": "Id",
              "datatype": "string",
              "precision": 30,
              "scale": 0,
              "expression": null,
              "port_type": "INPUT/OUTPUT"
            },
            {
              "name": "Name",
              "datatype": "nstring",
              "precision": 255,
              "scale": 0,
              "expression": null,
              "port_type": "INPUT/OUTPUT"
            },
            {
              "name": "LastModifiedDate",
              "datatype": "string",
              "precision": 29,
              "scale": 0,
              "expression": null,
              "port_type": "INPUT/OUTPUT"
            },
            {
              "name": "Status__c",
              "datatype": "string",
              "precision": 255,
              "scale": 0,
              "expression": null,
              "port_type": "INPUT/OUTPUT"
            },
            {
              "name": "Source_System_Name",
              "datatype": "string",
              "precision": 18,
              "scale": 0,
              "expression": null,
              "port_type": "INPUT/OUTPUT"
            },
            {
              "name": "CreatedByAlias",
              "datatype": "string",
              "precision": 8,
              "scale": 0,
              "expression": null,
              "port_type": "INPUT/OUTPUT"
            },
            {
              "name": "CreatedDate",
              "datatype": "string",
              "precision": 29,
              "scale": 0,
              "expression": null,
              "port_type": "INPUT/OUTPUT"
            },
            {
              "name": "Type",
              "datatype": "string",
              "precision": 40,
              "scale": 0,
              "expression": null,
              "port_type": "INPUT/OUTPUT"
            },
            {
              "name": "Direct__c",
              "datatype": "string",
              "precision": 15,
              "scale": 0,
              "expression": null,
              "port_type": "INPUT/OUTPUT"
            },
            {
              "name": "LastModifiedByAlias",
              "datatype": "string",
              "precision": 18,
              "scale": 0,
              "expression": null,
              "port_type": "INPUT/OUTPUT"
            },
            {
              "name": "RecordTypeName1",
              "datatype": "string",
              "precision": 80,
              "scale": 0,
              "expression": null,
              "port_type": "INPUT/OUTPUT"
            },
            {
              "name": "Location_Type__c",
              "datatype": "string",
              "precision": 255,
              "scale": 0,
              "expression": null,
              "port_type": "INPUT/OUTPUT"
            },
            {
              "name": "Inactivated_Date__c",
              "datatype": "nstring",
              "precision": 29,
              "scale": 0,
              "expression": null,
              "port_type": "INPUT/OUTPUT"
            },
            {
              "name": "CLIENT_GROUP_ID",
              "datatype": "nstring",
              "precision": 100,
              "scale": 0,
              "expression": null,
              "port_type": "INPUT/OUTPUT"
            }
          ],
          "attributes": {}
        },
        {
          "name": "TODAY_PARTY_XFORM_LOOKUP",
          "type": "Lookup Procedure",
          "description": "",
          "field_count": 3,
          "pyspark_equivalent": "df.join() with broadcast",
          "fields": [
            {
              "name": "SOURCE_PARTY_ID",
              "datatype": "nstring",
              "precision": 255,
              "scale": 0,
              "expression": null,
              "port_type": "LOOKUP/OUTPUT"
            },
            {
              "name": "SOURCE_SYSTEM",
              "datatype": "nstring",
              "precision": 50,
              "scale": 0,
              "expression": null,
              "port_type": "LOOKUP/RETURN/OUTPUT"
            },
            {
              "name": "IN_Id",
              "datatype": "string",
              "precision": 25,
              "scale": 0,
              "expression": null,
              "port_type": "INPUT"
            }
          ],
          "attributes": {}
        },
        {
          "name": "exp_transformation",
          "type": "Expression",
          "description": "",
          "field_count": 31,
          "pyspark_equivalent": "df.withColumn() / df.select()",
          "fields": [
            {
              "name": "Id",
              "datatype": "string",
              "precision": 30,
              "scale": 0,
              "expression": "Id",
              "port_type": "INPUT/OUTPUT"
            },
            {
              "name": "Id_VAR",
              "datatype": "string",
              "precision": 50,
              "scale": 0,
              "expression": "'OFF_'||Id",
              "port_type": "LOCAL VARIABLE"
            },
            {
              "name": "Id_OUT",
              "datatype": "string",
              "precision": 50,
              "scale": 0,
              "expression": "Id_VAR",
              "port_type": "OUTPUT"
            },
            {
              "name": "Name",
              "datatype": "nstring",
              "precision": 255,
              "scale": 0,
              "expression": "Name",
              "port_type": "INPUT/OUTPUT"
            },
            {
              "name": "LastModifiedDate",
              "datatype": "string",
              "precision": 29,
              "scale": 0,
              "expression": "LastModifiedDate",
              "port_type": "INPUT/OUTPUT"
            },
            {
              "name": "Status__c",
              "datatype": "string",
              "precision": 255,
              "scale": 0,
              "expression": "Status__c",
              "port_type": "INPUT/OUTPUT"
            },
            {
              "name": "var_status_Id",
              "datatype": "integer",
              "precision": 10,
              "scale": 0,
              "expression": ":LKP.lkp_values(ltrim(rtrim(Status__c)),'PARTY_STATUS_ID')",
              "port_type": "LOCAL VARIABLE"
            },
            {
              "name": "PARTY_STATUS_ID",
              "datatype": "bigint",
              "precision": 19,
              "scale": 0,
              "expression": "iif(isnull(Status__c),NULL,iif(isnull(var_status_Id),9999,var_status_Id))",
              "port_type": "OUTPUT"
            },
            {
              "name": "Type",
              "datatype": "string",
              "precision": 40,
              "scale": 0,
              "expression": "Type",
              "port_type": "INPUT/OUTPUT"
            },
            {
              "name": "var_type_id",
              "datatype": "integer",
              "precision": 10,
              "scale": 0,
              "expression": ":LKP.lkp_values('Office','PARTY_TYPE_ID')",
              "port_type": "LOCAL VARIABLE"
            },
            {
              "name": "PARTY_TYPE_ID",
              "datatype": "bigint",
              "precision": 19,
              "scale": 0,
              "expression": "iif(isnull(var_type_id),9999,var_type_id)",
              "port_type": "OUTPUT"
            },
            {
              "name": "Source_System_Name",
              "datatype": "nstring",
              "precision": 50,
              "scale": 0,
              "expression": "Source_System_Name",
              "port_type": "INPUT/OUTPUT"
            },
            {
              "name": "CreatedByAlias",
              "datatype": "nstring",
              "precision": 50,
              "scale": 0,
              "expression": "CreatedByAlias",
              "port_type": "INPUT/OUTPUT"
            },
            {
              "name": "CreatedDate",
              "datatype": "string",
              "precision": 29,
              "scale": 0,
              "expression": "CreatedDate",
              "port_type": "INPUT/OUTPUT"
            },
            {
              "name": "Direct__c",
              "datatype": "string",
              "precision": 15,
              "scale": 0,
              "expression": null,
              "port_type": "INPUT"
            },
            {
              "name": "Direct__c_out",
              "datatype": "string",
              "precision": 50,
              "scale": 0,
              "expression": "iif(isnull(Direct__c),NULL,'OFF_'||Direct__c)",
              "port_type": "OUTPUT"
            },
            {
              "name": "LastModifiedByAlias",
              "datatype": "nstring",
              "precision": 50,
              "scale": 0,
              "expression": "LastModifiedByAlias",
              "port_type": "INPUT/OUTPUT"
            },
            {
              "name": "MAPPING_NAME",
              "datatype": "string",
              "precision": 80,
              "scale": 0,
              "expression": "$PMMappingName",
              "port_type": "OUTPUT"
            },
            {
              "name": "RecordTypeName1",
              "datatype": "string",
              "precision": 80,
              "scale": 0,
              "expression": "RecordTypeName1",
              "port_type": "INPUT/OUTPUT"
            },
            {
              "name": "lookupSOFIDORIS",
              "datatype": "string",
              "precision": 10,
              "scale": 0,
              "expression": ":LKP.TODAY_PARTY_XFORM_LOOKUP('OFF_'||Direct__c)",
              "port_type": "OUTPUT"
            },
            {
              "name": "DEFERRED_OWNERSHIP_IND_OUT",
              "datatype": "nstring",
              "precision": 1,
              "scale": 0,
              "expression": "IIF(IN(ltrim(rtrim(RecordTypeName1)),'Retail Office RO','CIAM Office RO','Financial Intermediary','NT Advisory Office RO') ,'Y','N')\r\n\r\n--IIF( NOT ISNULL(:LKP.TODAY_PARTY_XFORM_LOOKUP('OFF_'||Direct__c)),'Y','N')",
              "port_type": "OUTPUT"
            },
            {
              "name": "Location_Type__c",
              "datatype": "string",
              "precision": 255,
              "scale": 0,
              "expression": "Location_Type__c",
              "port_type": "INPUT/OUTPUT"
            },
            {
              "name": "V_Lookup_Office_Type_ID",
              "datatype": "bigint",
              "precision": 19,
              "scale": 0,
              "expression": "DECODE(TRUE,ltrim(rtrim(Location_Type__c))='Home/Main (HQ)' OR ltrim(rtrim(Location_Type__c))='Home or Main (HQ)',:LKP.LKP_VALUES(ltrim(rtrim('Branch (OSJ)')),'OFFICE_TYPE_ID'),:LKP.LKP_VALUES(ltrim(rtrim(Location_Type__c)),'OFFICE_TYPE_ID'))\r\n\r\n--Changes as per CDM-4673\r\n--:LKP.LKP_VALUES(ltrim(rtrim(Location_Type__c)),'OFFICE_TYPE_ID')",
              "port_type": "LOCAL VARIABLE"
            },
            {
              "name": "V_Office_Type_ID",
              "datatype": "bigint",
              "precision": 19,
              "scale": 0,
              "expression": "DECODE(TRUE\r\n,NOT ISNULL(V_Lookup_Office_Type_ID) AND NOT ISNULL(Location_Type__c), V_Lookup_Office_Type_ID\r\n,ISNULL(V_Lookup_Office_Type_ID) AND ISNULL(Location_Type__c), NULL\r\n,9999)",
              "port_type": "LOCAL VARIABLE"
            },
            {
              "name": "Office_Type_ID",
              "datatype": "bigint",
              "precision": 19,
              "scale": 0,
              "expression": "V_Office_Type_ID",
              "port_type": "OUTPUT"
            },
            {
              "name": "Inactivated_Date__c",
              "datatype": "nstring",
              "precision": 29,
              "scale": 0,
              "expression": "Inactivated_Date__c",
              "port_type": "INPUT/OUTPUT"
            },
            {
              "name": "V_RIA_COVERAGE_TYPE_ID",
              "datatype": "nstring",
              "precision": 50,
              "scale": 0,
              "expression": ":LKP.lkp_values( 'RM-RIA/BT','OFFICE_RIA_COVERAGE_TYPE')",
              "port_type": "LOCAL VARIABLE"
            },
            {
              "name": "V_RIA_COVERAGE_TYPE_ID1",
              "datatype": "bigint",
              "precision": 19,
              "scale": 0,
              "expression": "DECODE(TRUE ,NOT ISNULL(V_RIA_COVERAGE_TYPE_ID),V_RIA_COVERAGE_TYPE_ID  ,'9999' )",
              "port_type": "LOCAL VARIABLE"
            },
            {
              "name": "RIA_COVERAGE_TYPE_ID",
              "datatype": "bigint",
              "precision": 19,
              "scale": 0,
              "expression": "IIF(RecordTypeName1 = 'NT Advisory Office RO',V_RIA_COVERAGE_TYPE_ID1,Null)",
              "port_type": "OUTPUT"
            },
            {
              "name": "CLIENT_GROUP_ID",
              "datatype": "nstring",
              "precision": 100,
              "scale": 0,
              "expression": "CLIENT_GROUP_ID",
              "port_type": "INPUT/OUTPUT"
            },
            {
              "name": "CLIENT_GROUP_ID1",
              "datatype": "nstring",
              "precision": 100,
              "scale": 0,
              "expression": ":LKP.lkp_values(CLIENT_GROUP_ID,'CLIENT_GROUP_ID')",
              "port_type": "OUTPUT"
            }
          ],
          "attributes": {}
        },
        {
          "name": "SQ_pre_land_sfdc_office",
          "type": "Source Qualifier",
          "description": "",
          "field_count": 37,
          "pyspark_equivalent": "spark.read.jdbc() / spark.read.format()",
          "fields": [
            {
              "name": "Id",
              "datatype": "string",
              "precision": 30,
              "scale": 0,
              "expression": null,
              "port_type": "INPUT/OUTPUT"
            },
            {
              "name": "ParentId",
              "datatype": "string",
              "precision": 18,
              "scale": 0,
              "expression": null,
              "port_type": "INPUT/OUTPUT"
            },
            {
              "name": "Tier__c",
              "datatype": "string",
              "precision": 255,
              "scale": 0,
              "expression": null,
              "port_type": "INPUT/OUTPUT"
            },
            {
              "name": "Status__c",
              "datatype": "string",
              "precision": 255,
              "scale": 0,
              "expression": null,
              "port_type": "INPUT/OUTPUT"
            },
            {
              "name": "RecordTypeName",
              "datatype": "string",
              "precision": 80,
              "scale": 0,
              "expression": null,
              "port_type": "INPUT/OUTPUT"
            },
            {
              "name": "Type",
              "datatype": "string",
              "precision": 40,
              "scale": 0,
              "expression": null,
              "port_type": "INPUT/OUTPUT"
            },
            {
              "name": "Direct__c",
              "datatype": "string",
              "precision": 15,
              "scale": 0,
              "expression": null,
              "port_type": "INPUT/OUTPUT"
            },
            {
              "name": "Office_Name_Short__c",
              "datatype": "nstring",
              "precision": 100,
              "scale": 0,
              "expression": null,
              "port_type": "INPUT/OUTPUT"
            },
            {
              "name": "Name",
              "datatype": "nstring",
              "precision": 255,
              "scale": 0,
              "expression": null,
              "port_type": "INPUT/OUTPUT"
            },
            {
              "name": "Marketing_Email_Restriction__c",
              "datatype": "string",
              "precision": 255,
              "scale": 0,
              "expression": null,
              "port_type": "INPUT/OUTPUT"
            },
            {
              "name": "Office_ID__c",
              "datatype": "string",
              "precision": 25,
              "scale": 0,
              "expression": null,
              "port_type": "INPUT/OUTPUT"
            },
            {
              "name": "BillingStreet",
              "datatype": "nstring",
              "precision": 255,
              "scale": 0,
              "expression": null,
              "port_type": "INPUT/OUTPUT"
            },
            {
              "name": "BillingCity",
              "datatype": "nstring",
              "precision": 40,
              "scale": 0,
              "expression": null,
              "port_type": "INPUT/OUTPUT"
            },
            {
              "name": "BillingState",
              "datatype": "nstring",
              "precision": 80,
              "scale": 0,
              "expression": null,
              "port_type": "INPUT/OUTPUT"
            },
            {
              "name": "BillingPostalCode",
              "datatype": "nstring",
              "precision": 20,
              "scale": 0,
              "expression": null,
              "port_type": "INPUT/OUTPUT"
            },
            {
              "name": "BillingCountry",
              "datatype": "nstring",
              "precision": 80,
              "scale": 0,
              "expression": null,
              "port_type": "INPUT/OUTPUT"
            },
            {
              "name": "IsDeleted",
              "datatype": "string",
              "precision": 5,
              "scale": 0,
              "expression": null,
              "port_type": "INPUT/OUTPUT"
            },
            {
              "name": "CreatedByAlias",
              "datatype": "string",
              "precision": 8,
              "scale": 0,
              "expression": null,
              "port_type": "INPUT/OUTPUT"
            },
            {
              "name": "CreatedDate",
              "datatype": "string",
              "precision": 29,
              "scale": 0,
              "expression": null,
              "port_type": "INPUT/OUTPUT"
            },
            {
              "name": "LastModifiedByAlias",
              "datatype": "string",
              "precision": 18,
              "scale": 0,
              "expression": null,
              "port_type": "INPUT/OUTPUT"
            },
            {
              "name": "LastModifiedDate",
              "datatype": "string",
              "precision": 29,
              "scale": 0,
              "expression": null,
              "port_type": "INPUT/OUTPUT"
            },
            {
              "name": "GU_ID__c",
              "datatype": "string",
              "precision": 18,
              "scale": 0,
              "expression": null,
              "port_type": "INPUT/OUTPUT"
            },
            {
              "name": "Source_System_Name",
              "datatype": "string",
              "precision": 18,
              "scale": 0,
              "expression": null,
              "port_type": "INPUT/OUTPUT"
            },
            {
              "name": "RecordTypeName1",
              "datatype": "string",
              "precision": 80,
              "scale": 0,
              "expression": null,
              "port_type": "INPUT/OUTPUT"
            },
            {
              "name": "Primary_Address_Type__c",
              "datatype": "string",
              "precision": 255,
              "scale": 0,
              "expression": null,
              "port_type": "INPUT/OUTPUT"
            },
            {
              "name": "Secondary_Address_Type__c",
              "datatype": "string",
              "precision": 255,
              "scale": 0,
              "expression": null,
              "port_type": "INPUT/OUTPUT"
            },
            {
              "name": "Location_Type__c",
              "datatype": "string",
              "precision": 255,
              "scale": 0,
              "expression": null,
              "port_type": "INPUT/OUTPUT"
            },
            {
              "name": "shippingstreet",
              "datatype": "nstring",
              "precision": 255,
              "scale": 0,
              "expression": null,
              "port_type": "INPUT/OUTPUT"
            },
            {
              "name": "shippingcity",
              "datatype": "nstring",
              "precision": 40,
              "scale": 0,
              "expression": null,
              "port_type": "INPUT/OUTPUT"
            },
            {
              "name": "shippingstate",
              "datatype": "nstring",
              "precision": 80,
              "scale": 0,
              "expression": null,
              "port_type": "INPUT/OUTPUT"
            },
            {
              "name": "shippingpostalcode",
              "datatype": "string",
              "precision": 20,
              "scale": 0,
              "expression": null,
              "port_type": "INPUT/OUTPUT"
            },
            {
              "name": "ShipingCountry",
              "datatype": "nstring",
              "precision": 80,
              "scale": 0,
              "expression": null,
              "port_type": "INPUT/OUTPUT"
            },
            {
              "name": "Phone",
              "datatype": "nstring",
              "precision": 40,
              "scale": 0,
              "expression": null,
              "port_type": "INPUT/OUTPUT"
            },
            {
              "name": "Fax",
              "datatype": "nstring",
              "precision": 40,
              "scale": 0,
              "expression": null,
              "port_type": "INPUT/OUTPUT"
            },
            {
              "name": "Website",
              "datatype": "nstring",
              "precision": 255,
              "scale": 0,
              "expression": null,
              "port_type": "INPUT/OUTPUT"
            },
            {
              "name": "Inactivated_Date__c",
              "datatype": "nstring",
              "precision": 29,
              "scale": 0,
              "expression": null,
              "port_type": "INPUT/OUTPUT"
            },
            {
              "name": "CLIENT_GROUP_ID",
              "datatype": "nstring",
              "precision": 100,
              "scale": 0,
              "expression": null,
              "port_type": "INPUT/OUTPUT"
            }
          ],
          "attributes": {}
        },
        {
          "name": "FILTRANS",
          "type": "Filter",
          "description": "",
          "field_count": 20,
          "pyspark_equivalent": "df.filter() / df.where()",
          "fields": [
            {
              "name": "Id_OUT",
              "datatype": "string",
              "precision": 50,
              "scale": 0,
              "expression": null,
              "port_type": "INPUT/OUTPUT"
            },
            {
              "name": "Name",
              "datatype": "nstring",
              "precision": 255,
              "scale": 0,
              "expression": null,
              "port_type": "INPUT/OUTPUT"
            },
            {
              "name": "LastModifiedDate",
              "datatype": "string",
              "precision": 29,
              "scale": 0,
              "expression": null,
              "port_type": "INPUT/OUTPUT"
            },
            {
              "name": "Status__c",
              "datatype": "string",
              "precision": 255,
              "scale": 0,
              "expression": null,
              "port_type": "INPUT/OUTPUT"
            },
            {
              "name": "Party_Inactivation_Date",
              "datatype": "string",
              "precision": 29,
              "scale": 0,
              "expression": null,
              "port_type": "INPUT/OUTPUT"
            },
            {
              "name": "PARTY_STATUS_ID",
              "datatype": "bigint",
              "precision": 19,
              "scale": 0,
              "expression": null,
              "port_type": "INPUT/OUTPUT"
            },
            {
              "name": "Type",
              "datatype": "string",
              "precision": 40,
              "scale": 0,
              "expression": null,
              "port_type": "INPUT/OUTPUT"
            },
            {
              "name": "PARTY_TYPE_ID",
              "datatype": "bigint",
              "precision": 19,
              "scale": 0,
              "expression": null,
              "port_type": "INPUT/OUTPUT"
            },
            {
              "name": "Source_System_Name",
              "datatype": "nstring",
              "precision": 50,
              "scale": 0,
              "expression": null,
              "port_type": "INPUT/OUTPUT"
            },
            {
              "name": "CreatedByAlias",
              "datatype": "nstring",
              "precision": 50,
              "scale": 0,
              "expression": null,
              "port_type": "INPUT/OUTPUT"
            },
            {
              "name": "CreatedDate",
              "datatype": "string",
              "precision": 29,
              "scale": 0,
              "expression": null,
              "port_type": "INPUT/OUTPUT"
            },
            {
              "name": "Direct__c_out",
              "datatype": "string",
              "precision": 50,
              "scale": 0,
              "expression": null,
              "port_type": "INPUT/OUTPUT"
            },
            {
              "name": "LastModifiedByAlias",
              "datatype": "nstring",
              "precision": 50,
              "scale": 0,
              "expression": null,
              "port_type": "INPUT/OUTPUT"
            },
            {
              "name": "MAPPING_NAME",
              "datatype": "string",
              "precision": 80,
              "scale": 0,
              "expression": null,
              "port_type": "INPUT/OUTPUT"
            },
            {
              "name": "RecordTypeName1",
              "datatype": "string",
              "precision": 80,
              "scale": 0,
              "expression": null,
              "port_type": "INPUT/OUTPUT"
            },
            {
              "name": "lookupSOFIDORIS",
              "datatype": "string",
              "precision": 10,
              "scale": 0,
              "expression": null,
              "port_type": "INPUT/OUTPUT"
            },
            {
              "name": "DEFERRED_OWNERSHIP_IND_OUT",
              "datatype": "nstring",
              "precision": 1,
              "scale": 0,
              "expression": null,
              "port_type": "INPUT/OUTPUT"
            },
            {
              "name": "Office_Type_ID",
              "datatype": "bigint",
              "precision": 19,
              "scale": 0,
              "expression": null,
              "port_type": "INPUT/OUTPUT"
            },
            {
              "name": "RIA_COVERAGE_TYPE_ID",
              "datatype": "bigint",
              "precision": 19,
              "scale": 0,
              "expression": null,
              "port_type": "INPUT/OUTPUT"
            },
            {
              "name": "CLIENT_GROUP_ID",
              "datatype": "nstring",
              "precision": 100,
              "scale": 0,
              "expression": null,
              "port_type": "INPUT/OUTPUT"
            }
          ],
          "attributes": {}
        },
        {
          "name": "lkp_values",
          "type": "Lookup Procedure",
          "description": "",
          "field_count": 6,
          "pyspark_equivalent": "df.join() with broadcast",
          "fields": [
            {
              "name": "src_val_in",
              "datatype": "string",
              "precision": 100,
              "scale": 0,
              "expression": null,
              "port_type": "INPUT"
            },
            {
              "name": "attrib_nm_in",
              "datatype": "string",
              "precision": 100,
              "scale": 0,
              "expression": null,
              "port_type": "INPUT"
            },
            {
              "name": "src_sys_nm",
              "datatype": "string",
              "precision": 100,
              "scale": 0,
              "expression": null,
              "port_type": "LOOKUP/OUTPUT"
            },
            {
              "name": "attrib_nm",
              "datatype": "string",
              "precision": 100,
              "scale": 0,
              "expression": null,
              "port_type": "LOOKUP/OUTPUT"
            },
            {
              "name": "src_val",
              "datatype": "string",
              "precision": 100,
              "scale": 0,
              "expression": null,
              "port_type": "LOOKUP/OUTPUT"
            },
            {
              "name": "std_lkup_id",
              "datatype": "integer",
              "precision": 10,
              "scale": 0,
              "expression": null,
              "port_type": "LOOKUP/RETURN/OUTPUT"
            }
          ],
          "attributes": {}
        }
      ],
      "sql_analysis": {
        "tables": [
          {
            "name": "pre_land_sfdc_office",
            "type": "SOURCE",
            "owner": "dbo",
            "database": "CDM_SQL_PRE_LANDING_SRC",
            "database_type": "Microsoft SQL Server"
          },
          {
            "name": "today_party_xform",
            "type": "TARGET",
            "owner": "",
            "database": "",
            "database_type": "Microsoft SQL Server"
          },
          {
            "name": "TODAY_PARTY_XFORM",
            "type": "LOOKUP",
            "owner": "",
            "database": "",
            "database_type": ""
          },
          {
            "name": "lkup_transformation_map",
            "type": "LOOKUP",
            "owner": "",
            "database": "",
            "database_type": ""
          }
        ],
        "select_queries": [
          {
            "name": "SQ_pre_land_sfdc_office",
            "type": "Source Qualifier",
            "query": "SELECT pre_land_sfdc_office.Id, \r\npre_land_sfdc_office.Status__c, pre_land_sfdc_office.Type, \r\npre_land_sfdc_office.Direct__c, pre_land_sfdc_office.Name, \r\npre_land_sfdc_office.CreatedByAlias, pre_land_sfdc_office.CreatedDate, \r\npre_land_sfdc_office.LastModifiedByAlias, pre_land_sfdc_office.LastModifiedDate, \r\npre_land_sfdc_office.Source_System_Name, pre_land_sfdc_office.RecordTypeName, \r\npre_land_sfdc_office.Location_Type__c, pre_land_sfdc_office.Inactivated_Date__c \r\nFROM\r\n pre_land_sfdc_office\r\n where pre_land_sfdc_office.[RecordTypeName] in\r\n ('Financial Institutions Office',\r\n'Institutional Client Office',\r\n'Institutional Consultant Office',\r\n'Institutional Other Intermediary Office'\r\n,'NT Advisory Office RO','Retail Office RO','CIAM Office RO')\r\nand ((Client_Group_C<>'Australia' and BillingCountry <> 'Australia') or Client_Group_C is null)\r\n--CAR ORG Business Office\r\nunion\r\nSELECT concat(pre_land_sfdc_office.Id,'|BUSSADDR') id, \r\npre_land_sfdc_office.Status__c, pre_land_sfdc_office.Type, \r\npre_land_sfdc_office.Direct__c, pre_land_sfdc_office.Name, \r\npre_land_sfdc_office.CreatedByAlias, pre_land_sfdc_office.CreatedDate, \r\npre_land_sfdc_office.LastModifiedByAlias, pre_land_sfdc_office.LastModifiedDate, \r\npre_land_sfdc_office.Source_System_Name, pre_land_sfdc_office.RecordTypeName, \r\npre_land_sfdc_office.Location_Type__c, pre_land_sfdc_office.Inactivated_Date__c \r\nFROM\r\n pre_land_sfdc_office\r\n where pre_land_sfdc_office.[RecordTypeName] in\r\n ('Financial Institutions Office',\r\n'Institutional Client Office',\r\n'Institutional Consultant Office',\r\n'Institutional Other Intermediary Office'\r\n,'NT Advisory Office RO','Retail Office RO','CIAM Office RO')\r\nand ((Client_Group_C='Australia' and BillingCountry is NULL) OR (Client_Group_C is NOT NULL and BillingCountry = 'Australia'))\r\nand BillingCountry is not null\r\n--CAR ORG Mailing Office\r\nunion\r\nSELECT concat(pre_land_sfdc_office.Id,'|MAILADDR') id, \r\npre_land_sfdc_office.Status__c, pre_land_sfdc_office.Type, \r\npre_land_sfdc_office.Direct__c, pre_land_sfdc_office.Name, \r\npre_land_sfdc_office.CreatedByAlias, pre_land_sfdc_office.CreatedDate, \r\npre_land_sfdc_office.LastModifiedByAlias, pre_land_sfdc_office.LastModifiedDate, \r\npre_land_sfdc_office.Source_System_Name, pre_land_sfdc_office.RecordTypeName, \r\npre_land_sfdc_office.Location_Type__c, pre_land_sfdc_office.Inactivated_Date__c \r\nFROM\r\n pre_land_sfdc_office\r\n where pre_land_sfdc_office.[RecordTypeName] in\r\n ('Financial Institutions Office',\r\n'Institutional Client Office',\r\n'Institutional Consultant Office',\r\n'Institutional Other Intermediary Office'\r\n,'NT Advisory Office RO','Retail Office RO','CIAM Office RO')\r\nand ((Client_Group_C='Australia' and BillingCountry is NULL) OR (Client_Group_C is NOT NULL and BillingCountry = 'Australia'))\r\nand shipingcountry IS NOT NULL \r\nAND (\r\nshippingstreet IS NOT NULL\r\nOR shippingcity IS NOT NULL\r\nOR shippingstate IS NOT NULL\r\nOR shippingpostalcode IS NOT NULL\r\n)\r\nunion\r\n--LIC Org Business Office\r\nSELECT concat(org.Id,'|BUSSADDR') id, \r\norg.Status__c,\r\nNull Type, \r\nNull Direct__c,\r\norg.Name, \r\norg.CreatedByAlias,\r\norg.CreatedDate, \r\norg.LastModifiedByAlias,\r\norg.LastModifiedDate, \r\norg.Source_System_Name,\r\norg.RecordTypeName, \r\nNull Location_Type__c,\r\norg.Inactivated_Date__c \r\nFROM\r\npre_land_sfdc_organization org\r\nleft join \r\npre_land_sfdc_office ofc\r\non org.id=ofc.ParentId\r\n where ofc.[RecordTypeName] in\r\n ('Financial Institutions Office',\r\n'Institutional Client Office',\r\n'Institutional Consultant Office',\r\n'Institutional Other Intermediary Office'\r\n,'NT Advisory Office RO','Retail Office RO','CIAM Office RO')\r\nand ((ofc.Client_Group_C='Australia' and ofc.BillingCountry is NULL) OR (ofc.Client_Group_C is NOT NULL and ofc.BillingCountry = 'Australia'))\r\nand org.BillingCountry is not null\r\nand ltrim(rtrim(org.name))<>ltrim(rtrim(ofc.Office_Name_Short__c))\r\nunion\r\n--LIC ORG Mailing Office\r\nSELECT concat(org.Id,'|MAILADDR') id, \r\norg.Status__c,\r\nNull Type, \r\nNull Direct__c,\r\norg.Name, \r\norg.CreatedByAlias,\r\norg.CreatedDate, \r\norg.LastModifiedByAlias,\r\norg.LastModifiedDate, \r\norg.Source_System_Name,\r\norg.RecordTypeName, \r\nNull Location_Type__c,\r\norg.Inactivated_Date__c \r\nFROM\r\npre_land_sfdc_organization org\r\nleft join \r\npre_land_sfdc_office ofc\r\non org.id=ofc.ParentId\r\n where ofc.[RecordTypeName] in\r\n ('Financial Institutions Office',\r\n'Institutional Client Office',\r\n'Institutional Consultant Office',\r\n'Institutional Other Intermediary Office'\r\n,'NT Advisory Office RO','Retail Office RO','CIAM Office RO')\r\nand ((ofc.Client_Group_C='Australia' and ofc.BillingCountry is NULL) OR (ofc.Client_Group_C is NOT NULL and ofc.BillingCountry = 'Australia'))\r\nand org.ShippingCountry is not null\r\nAND (\r\norg.shippingstreet IS NOT NULL\r\nOR org.shippingcity IS NOT NULL\r\nOR org.shippingstate IS NOT NULL\r\nOR org.shippingpostalcode IS NOT NULL\r\n)\r\nand ltrim(rtrim(org.name))<>ltrim(rtrim(ofc.Office_Name_Short__c))"
          }
        ],
        "stored_procedures": [],
        "lookup_queries": [
          {
            "name": "TODAY_PARTY_XFORM_LOOKUP",
            "type": "Lookup Override",
            "query": "SELECT LTRIM(RTRIM(SOURCE_SYSTEM)) as SOURCE_SYSTEM, LTRIM(RTRIM(SOURCE_PARTY_ID)) as SOURCE_PARTY_ID FROM  TODAY_PARTY_XFORM  \r\nWHERE SOURCE_SYSTEM in ( 'SOFI','DORIS','SALESCONNECT')",
            "table": "TODAY_PARTY_XFORM"
          },
          {
            "name": "lkp_values",
            "type": "Lookup Override",
            "query": "SELECT LTRIM(RTRIM(std_lkup_id)) as std_lkup_id\r\n,LTRIM(RTRIM(src_sys_nm)) as src_sys_nm\r\n,LTRIM(RTRIM(src_val)) as src_val\r\n,LTRIM(RTRIM(attrib_nm)) as attrib_nm \r\nFROM lkup_transformation_map\r\nwhere src_sys_nm in ('SFDC')",
            "table": "lkup_transformation_map"
          }
        ],
        "filter_conditions": [
          {
            "name": "fltr_as_reqrd",
            "type": "Filter",
            "condition": "TRUE"
          },
          {
            "name": "FILTRANS",
            "type": "Filter",
            "condition": "TRUE"
          }
        ],
        "pre_post_sql": []
      },
      "main_flow": [
        {
          "instance_name": "pre_land_sfdc_office",
          "instance_type": "SOURCE",
          "order": 0
        },
        {
          "instance_name": "TODAY_PARTY_XFORM_LOOKUP",
          "instance_type": "TRANSFORMATION",
          "order": 1
        },
        {
          "instance_name": "lkp_values",
          "instance_type": "TRANSFORMATION",
          "order": 2
        },
        {
          "instance_name": "SQ_pre_land_sfdc_office",
          "instance_type": "TRANSFORMATION",
          "order": 3
        },
        {
          "instance_name": "fltr_as_reqrd",
          "instance_type": "TRANSFORMATION",
          "order": 4
        },
        {
          "instance_name": "exp_transformation",
          "instance_type": "TRANSFORMATION",
          "order": 5
        },
        {
          "instance_name": "FILTRANS",
          "instance_type": "TRANSFORMATION",
          "order": 6
        },
        {
          "instance_name": "TODAY_PARTY_XFORM",
          "instance_type": "TARGET",
          "order": 7
        }
      ],
      "detached_lookups": [],
      "detached_sps": [],
      "expression_analysis": {
        "lookups": [
          {
            "lookup_name": "lkp_values",
            "input_ports": [
              "ltrim(rtrim(Status__c"
            ],
            "output_ports": [],
            "condition": ""
          },
          {
            "lookup_name": "TODAY_PARTY_XFORM_LOOKUP",
            "input_ports": [
              "'OFF_'||Direct__c"
            ],
            "output_ports": [],
            "condition": ""
          },
          {
            "lookup_name": "LKP_VALUES",
            "input_ports": [
              "ltrim(rtrim('Branch (OSJ"
            ],
            "output_ports": [],
            "condition": ""
          }
        ],
        "stored_procs": [],
        "pm_variables": [
          "$PMMappingName"
        ],
        "unknown_references": []
      },
      "required_user_inputs": [
        {
          "type": "connection",
          "source_name": "pre_land_sfdc_office",
          "label": "Database connection for pre_land_sfdc_office",
          "db_name": "CDM_SQL_PRE_LANDING_SRC",
          "database_type": "Microsoft SQL Server"
        },
        {
          "type": "target_config",
          "target_name": "today_party_xform",
          "label": "Target configuration for today_party_xform",
          "needs": [
            "format",
            "destination",
            "write_mode"
          ]
        }
      ],
      "flow_text": "pre_land_sfdc_office (SRC) -> SQ_pre_land_sfdc_office (TRA) -> fltr_as_reqrd (TRA) -> exp_transformation (TRA) -> FILTRANS (TRA) -> TODAY_PARTY_XFORM (TGT)"
    }
  ],
  "warnings": [],
  "errors": []
}