{
  "mapping_name": "m_landing_sfdc_to_cdm_contact_party_rel_new",
  "status": "needs_review",
  "coverage_percent": 83.7,
  "generated_files": [
    "mapping_m_landing_sfdc_to_cdm_contact_party_rel_new.py",
    "config.yml"
  ],
  "warnings": [
    {
      "severity": "warning",
      "category": "conversion",
      "message": "Mapplet mplt_get_from_party_and_to_party_status1 treated as pass-through (no expressions found)",
      "details": null
    },
    {
      "severity": "warning",
      "category": "conversion",
      "message": "Mapplet mplt_get_from_party_and_to_party_status treated as pass-through (no expressions found)",
      "details": null
    },
    {
      "severity": "warning",
      "category": "conversion",
      "message": "Mapplet mplt_get_from_party_and_to_party_status4 treated as pass-through (no expressions found)",
      "details": null
    },
    {
      "severity": "warning",
      "category": "conversion",
      "message": "Mapplet mplt_get_from_party_and_to_party_status3 treated as pass-through (no expressions found)",
      "details": null
    },
    {
      "severity": "warning",
      "category": "conversion",
      "message": "Mapplet mplt_get_from_party_and_to_party_status5 treated as pass-through (no expressions found)",
      "details": null
    },
    {
      "severity": "warning",
      "category": "conversion",
      "message": "Mapplet mplt_get_from_party_and_to_party_status2 treated as pass-through (no expressions found)",
      "details": null
    }
  ],
  "errors": [
    {
      "severity": "error",
      "category": "quality_gate",
      "message": "Found placeholder/unresolved reference: 'TODO:' (6 occurrences)",
      "details": "The generated code contains 'TODO:' which indicates an unresolved placeholder"
    }
  ],
  "manual_items": [
    {
      "severity": "info",
      "category": "todo",
      "message": "# TODO: Translate the above SQL to PySpark or use spark.sql() with pushdown",
      "details": "Line 313"
    },
    {
      "severity": "info",
      "category": "todo",
      "message": "# TODO: Translate the above SQL to PySpark or use spark.sql() with pushdown",
      "details": "Line 429"
    },
    {
      "severity": "info",
      "category": "todo",
      "message": "# TODO: Translate the above SQL to PySpark or use spark.sql() with pushdown",
      "details": "Line 485"
    },
    {
      "severity": "info",
      "category": "todo",
      "message": "# TODO: Translate the above SQL to PySpark or use spark.sql() with pushdown",
      "details": "Line 540"
    },
    {
      "severity": "info",
      "category": "todo",
      "message": "# TODO: Translate the above SQL to PySpark or use spark.sql() with pushdown",
      "details": "Line 592"
    },
    {
      "severity": "info",
      "category": "todo",
      "message": "# TODO: Translate the above SQL to PySpark or use spark.sql() with pushdown",
      "details": "Line 646"
    }
  ],
  "unsupported_features": []
}