{
  "workflow_name": "workflow",
  "sessions": [
    {
      "name": "s_landing_sfdc_to_cdm_contact_party_rel_new",
      "session_type": "session",
      "mapping_name": "m_landing_sfdc_to_cdm_contact_party_rel_new",
      "pre_sql": [],
      "post_sql": [],
      "dependencies": [],
      "on_success": [],
      "on_failure": [],
      "parameters": {}
    },
    {
      "name": "Start",
      "session_type": "start",
      "mapping_name": "",
      "pre_sql": [],
      "post_sql": [],
      "dependencies": [],
      "on_success": [],
      "on_failure": [],
      "parameters": {}
    }
  ],
  "start_task": "s_landing_sfdc_to_cdm_contact_party_rel_new",
  "execution_order": [
    "s_landing_sfdc_to_cdm_contact_party_rel_new",
    "Start"
  ],
  "variables": {}
}