{
  "xml_type": "POWERMART",
  "folder_name": "CDM_DEV3_SFDC",
  "repository_name": "pc105_repo_dev2_3",
  "mapping_count": 1,
  "mappings": [
    {
      "mapping_name": "m_landing_sfdc_to_cdm_organization_party_role",
      "sources": [
        {
          "name": "pre_land_sfdc_org_office_role",
          "type": "SQL",
          "database_type": "Microsoft SQL Server",
          "db_name": "CDM_SQL_PRE_LANDING_SRC",
          "owner_name": "dbo",
          "field_count": 13,
          "confidence": "high",
          "fields": [
            {
              "name": "Id",
              "datatype": "nvarchar",
              "precision": 18,
              "scale": 0,
              "nullable": true,
              "key_type": "NOT A KEY"
            },
            {
              "name": "CreatedDate",
              "datatype": "nvarchar",
              "precision": 29,
              "scale": 0,
              "nullable": true,
              "key_type": "NOT A KEY"
            },
            {
              "name": "CreatedByAlias",
              "datatype": "nvarchar",
              "precision": 8,
              "scale": 0,
              "nullable": true,
              "key_type": "NOT A KEY"
            },
            {
              "name": "LastModifiedDate",
              "datatype": "nvarchar",
              "precision": 29,
              "scale": 0,
              "nullable": true,
              "key_type": "NOT A KEY"
            },
            {
              "name": "LastModifiedAlias",
              "datatype": "nvarchar",
              "precision": 8,
              "scale": 0,
              "nullable": true,
              "key_type": "NOT A KEY"
            },
            {
              "name": "LastActivityDate",
              "datatype": "nvarchar",
              "precision": 29,
              "scale": 0,
              "nullable": true,
              "key_type": "NOT A KEY"
            },
            {
              "name": "Role_Start_Date__c",
              "datatype": "nvarchar",
              "precision": 29,
              "scale": 0,
              "nullable": true,
              "key_type": "NOT A KEY"
            },
            {
              "name": "Role_End_Date__c",
              "datatype": "nvarchar",
              "precision": 29,
              "scale": 0,
              "nullable": true,
              "key_type": "NOT A KEY"
            },
            {
              "name": "Primary_Role__c",
              "datatype": "nvarchar",
              "precision": 5,
              "scale": 0,
              "nullable": true,
              "key_type": "NOT A KEY"
            },
            {
              "name": "Role_Inactivation_Reason__c",
              "datatype": "nvarchar",
              "precision": 255,
              "scale": 0,
              "nullable": true,
              "key_type": "NOT A KEY"
            },
            {
              "name": "Role_Status__c",
              "datatype": "nvarchar",
              "precision": 255,
              "scale": 0,
              "nullable": true,
              "key_type": "NOT A KEY"
            },
            {
              "name": "Role__c",
              "datatype": "nvarchar",
              "precision": 255,
              "scale": 0,
              "nullable": true,
              "key_type": "NOT A KEY"
            },
            {
              "name": "Account_Name__c",
              "datatype": "nvarchar",
              "precision": 18,
              "scale": 0,
              "nullable": true,
              "key_type": "NOT A KEY"
            }
          ],
          "needs_connection": true
        },
        {
          "name": "pre_land_sfdc_organization",
          "type": "SQL",
          "database_type": "Microsoft SQL Server",
          "db_name": "CDM_SQL_PRE_LANDING_SRC",
          "owner_name": "",
          "field_count": 68,
          "confidence": "high",
          "fields": [
            {
              "name": "Id",
              "datatype": "nvarchar",
              "precision": 18,
              "scale": 0,
              "nullable": true,
              "key_type": "NOT A KEY"
            },
            {
              "name": "ParentId",
              "datatype": "nvarchar",
              "precision": 18,
              "scale": 0,
              "nullable": true,
              "key_type": "NOT A KEY"
            },
            {
              "name": "Tier__c",
              "datatype": "nvarchar",
              "precision": 255,
              "scale": 0,
              "nullable": true,
              "key_type": "NOT A KEY"
            },
            {
              "name": "Status__c",
              "datatype": "nvarchar",
              "precision": 255,
              "scale": 0,
              "nullable": true,
              "key_type": "NOT A KEY"
            },
            {
              "name": "RecordTypeName",
              "datatype": "nvarchar",
              "precision": 80,
              "scale": 0,
              "nullable": true,
              "key_type": "NOT A KEY"
            },
            {
              "name": "CRD__c",
              "datatype": "nvarchar",
              "precision": 15,
              "scale": 0,
              "nullable": true,
              "key_type": "NOT A KEY"
            },
            {
              "name": "Registration_Type__c",
              "datatype": "nvarchar",
              "precision": 4000,
              "scale": 0,
              "nullable": true,
              "key_type": "NOT A KEY"
            },
            {
              "name": "Primary_CG_Org_Owner__c",
              "datatype": "nvarchar",
              "precision": 18,
              "scale": 0,
              "nullable": true,
              "key_type": "NOT A KEY"
            },
            {
              "name": "Primary_CG_Org_Owner__r_alias",
              "datatype": "nvarchar",
              "precision": 8,
              "scale": 0,
              "nullable": true,
              "key_type": "NOT A KEY"
            },
            {
              "name": "Primary_CG_Org_Owner__r_Associate_ID__c",
              "datatype": "nvarchar",
              "precision": 15,
              "scale": 0,
              "nullable": true,
              "key_type": "NOT A KEY"
            },
            {
              "name": "Primary_Channel__c",
              "datatype": "nvarchar",
              "precision": 255,
              "scale": 0,
              "nullable": true,
              "key_type": "NOT A KEY"
            },
            {
              "name": "Type",
              "datatype": "nvarchar",
              "precision": 40,
              "scale": 0,
              "nullable": true,
              "key_type": "NOT A KEY"
            },
            {
              "name": "Organization_Direct__c",
              "datatype": "nvarchar",
              "precision": 15,
              "scale": 0,
              "nullable": true,
              "key_type": "NOT A KEY"
            },
            {
              "name": "Name",
              "datatype": "nvarchar",
              "precision": 255,
              "scale": 0,
              "nullable": true,
              "key_type": "NOT A KEY"
            },
            {
              "name": "Marketing_Email_Restriction__c",
              "datatype": "nvarchar",
              "precision": 255,
              "scale": 0,
              "nullable": true,
              "key_type": "NOT A KEY"
            },
            {
              "name": "Organization_ID__c",
              "datatype": "nvarchar",
              "precision": 15,
              "scale": 0,
              "nullable": true,
              "key_type": "NOT A KEY"
            },
            {
              "name": "BillingStreet",
              "datatype": "nvarchar",
              "precision": 255,
              "scale": 0,
              "nullable": true,
              "key_type": "NOT A KEY"
            },
            {
              "name": "BillingCity",
              "datatype": "nvarchar",
              "precision": 40,
              "scale": 0,
              "nullable": true,
              "key_type": "NOT A KEY"
            },
            {
              "name": "BillingState",
              "datatype": "nvarchar",
              "precision": 80,
              "scale": 0,
              "nullable": true,
              "key_type": "NOT A KEY"
            },
            {
              "name": "BillingPostalCode",
              "datatype": "nvarchar",
              "precision": 20,
              "scale": 0,
              "nullable": true,
              "key_type": "NOT A KEY"
            },
            {
              "name": "BillingCountry",
              "datatype": "nvarchar",
              "precision": 80,
              "scale": 0,
              "nullable": true,
              "key_type": "NOT A KEY"
            },
            {
              "name": "IsDeleted",
              "datatype": "nvarchar",
              "precision": 5,
              "scale": 0,
              "nullable": true,
              "key_type": "NOT A KEY"
            },
            {
              "name": "CreatedByAlias",
              "datatype": "nvarchar",
              "precision": 8,
              "scale": 0,
              "nullable": true,
              "key_type": "NOT A KEY"
            },
            {
              "name": "CreatedDate",
              "datatype": "nvarchar",
              "precision": 29,
              "scale": 0,
              "nullable": true,
              "key_type": "NOT A KEY"
            },
            {
              "name": "LastModifiedByAlias",
              "datatype": "nvarchar",
              "precision": 8,
              "scale": 0,
              "nullable": true,
              "key_type": "NOT A KEY"
            },
            {
              "name": "LastModifiedDate",
              "datatype": "nvarchar",
              "precision": 29,
              "scale": 0,
              "nullable": true,
              "key_type": "NOT A KEY"
            },
            {
              "name": "GU_ID__c",
              "datatype": "nvarchar",
              "precision": 18,
              "scale": 0,
              "nullable": true,
              "key_type": "NOT A KEY"
            },
            {
              "name": "Source_System_Name",
              "datatype": "nvarchar",
              "precision": 18,
              "scale": 0,
              "nullable": true,
              "key_type": "NOT A KEY"
            },
            {
              "name": "Primary_Address_Type__c",
              "datatype": "nvarchar",
              "precision": 255,
              "scale": 0,
              "nullable": true,
              "key_type": "NOT A KEY"
            },
            {
              "name": "Secondary_Address_Type__c",
              "datatype": "nvarchar",
              "precision": 255,
              "scale": 0,
              "nullable": true,
              "key_type": "NOT A KEY"
            },
            {
              "name": "Location_Type__c",
              "datatype": "nvarchar",
              "precision": 255,
              "scale": 0,
              "nullable": true,
              "key_type": "NOT A KEY"
            },
            {
              "name": "Legal_Name__c",
              "datatype": "nvarchar",
              "precision": 255,
              "scale": 0,
              "nullable": true,
              "key_type": "NOT A KEY"
            },
            {
              "name": "SEC__c",
              "datatype": "nvarchar",
              "precision": 25,
              "scale": 0,
              "nullable": true,
              "key_type": "NOT A KEY"
            },
            {
              "name": "ShippingStreet",
              "datatype": "nvarchar",
              "precision": 255,
              "scale": 0,
              "nullable": true,
              "key_type": "NOT A KEY"
            },
            {
              "name": "ShippingCity",
              "datatype": "nvarchar",
              "precision": 40,
              "scale": 0,
              "nullable": true,
              "key_type": "NOT A KEY"
            },
            {
              "name": "ShippingState",
              "datatype": "nvarchar",
              "precision": 80,
              "scale": 0,
              "nullable": true,
              "key_type": "NOT A KEY"
            },
            {
              "name": "ShippingPostalCode",
              "datatype": "nvarchar",
              "precision": 20,
              "scale": 0,
              "nullable": true,
              "key_type": "NOT A KEY"
            },
            {
              "name": "ShippingCountry",
              "datatype": "nvarchar",
              "precision": 80,
              "scale": 0,
              "nullable": true,
              "key_type": "NOT A KEY"
            },
            {
              "name": "Corporate_Structure__c",
              "datatype": "nvarchar",
              "precision": 255,
              "scale": 0,
              "nullable": true,
              "key_type": "NOT A KEY"
            },
            {
              "name": "Inactivated_Date__c",
              "datatype": "nvarchar",
              "precision": 29,
              "scale": 0,
              "nullable": true,
              "key_type": "NOT A KEY"
            },
            {
              "name": "Org_Tax_ID_Number__c",
              "datatype": "nvarchar",
              "precision": 50,
              "scale": 0,
              "nullable": true,
              "key_type": "NOT A KEY"
            },
            {
              "name": "Phone",
              "datatype": "nvarchar",
              "precision": 40,
              "scale": 0,
              "nullable": true,
              "key_type": "NOT A KEY"
            },
            {
              "name": "Fax",
              "datatype": "nvarchar",
              "precision": 40,
              "scale": 0,
              "nullable": true,
              "key_type": "NOT A KEY"
            },
            {
              "name": "Website",
              "datatype": "nvarchar",
              "precision": 255,
              "scale": 0,
              "nullable": true,
              "key_type": "NOT A KEY"
            },
            {
              "name": "Advisory_Other_Reason_Code_Details__c",
              "datatype": "nvarchar",
              "precision": 255,
              "scale": 0,
              "nullable": true,
              "key_type": "NOT A KEY"
            },
            {
              "name": "Advisory_Reason_Code__c",
              "datatype": "nvarchar",
              "precision": 255,
              "scale": 0,
              "nullable": true,
              "key_type": "NOT A KEY"
            },
            {
              "name": "Advisory_Reason_Code_Clarification__c",
              "datatype": "nvarchar",
              "precision": 255,
              "scale": 0,
              "nullable": true,
              "key_type": "NOT A KEY"
            },
            {
              "name": "Advisory_Segmentation__c",
              "datatype": "nvarchar",
              "precision": 255,
              "scale": 0,
              "nullable": true,
              "key_type": "NOT A KEY"
            },
            {
              "name": "Segmentation__c",
              "datatype": "nvarchar",
              "precision": 255,
              "scale": 0,
              "nullable": true,
              "key_type": "NOT A KEY"
            },
            {
              "name": "channel__c",
              "datatype": "nvarchar",
              "precision": 255,
              "scale": 0,
              "nullable": true,
              "key_type": "NOT A KEY"
            },
            {
              "name": "W_9__c",
              "datatype": "nvarchar",
              "precision": 255,
              "scale": 0,
              "nullable": true,
              "key_type": "NOT A KEY"
            },
            {
              "name": "Segment__c",
              "datatype": "nvarchar",
              "precision": 255,
              "scale": 0,
              "nullable": true,
              "key_type": "NOT A KEY"
            },
            {
              "name": "Restrict_Mail__c",
              "datatype": "nvarchar",
              "precision": 5,
              "scale": 0,
              "nullable": true,
              "key_type": "NOT A KEY"
            },
            {
              "name": "Roles__c",
              "datatype": "nvarchar",
              "precision": 255,
              "scale": 0,
              "nullable": true,
              "key_type": "NOT A KEY"
            },
            {
              "name": "Email_address__c",
              "datatype": "nvarchar",
              "precision": 255,
              "scale": 0,
              "nullable": true,
              "key_type": "NOT A KEY"
            },
            {
              "name": "Entitiy_Name_DORIS_SOFI__c",
              "datatype": "nvarchar",
              "precision": 255,
              "scale": 0,
              "nullable": true,
              "key_type": "NOT A KEY"
            },
            {
              "name": "Role_Stage__c",
              "datatype": "varchar",
              "precision": 255,
              "scale": 0,
              "nullable": true,
              "key_type": "NOT A KEY"
            },
            {
              "name": "Client_RM_CRA__c",
              "datatype": "varchar",
              "precision": 255,
              "scale": 0,
              "nullable": true,
              "key_type": "NOT A KEY"
            },
            {
              "name": "Service_Tier__c",
              "datatype": "varchar",
              "precision": 255,
              "scale": 0,
              "nullable": true,
              "key_type": "NOT A KEY"
            },
            {
              "name": "RM_Institutional__c",
              "datatype": "varchar",
              "precision": 255,
              "scale": 0,
              "nullable": true,
              "key_type": "NOT A KEY"
            },
            {
              "name": "Covered_Plan_Sponsor__c",
              "datatype": "nvarchar",
              "precision": 5,
              "scale": 0,
              "nullable": true,
              "key_type": "NOT A KEY"
            },
            {
              "name": "external_id_c",
              "datatype": "nvarchar",
              "precision": 255,
              "scale": 0,
              "nullable": true,
              "key_type": "NOT A KEY"
            },
            {
              "name": "Aggregator__c",
              "datatype": "nvarchar",
              "precision": 255,
              "scale": 0,
              "nullable": true,
              "key_type": "NOT A KEY"
            },
            {
              "name": "Sector__c",
              "datatype": "nvarchar",
              "precision": 255,
              "scale": 0,
              "nullable": true,
              "key_type": "NOT A KEY"
            },
            {
              "name": "Definer__c",
              "datatype": "nvarchar",
              "precision": 255,
              "scale": 0,
              "nullable": true,
              "key_type": "NOT A KEY"
            },
            {
              "name": "Reserverd_3",
              "datatype": "nvarchar",
              "precision": 18,
              "scale": 0,
              "nullable": true,
              "key_type": "NOT A KEY"
            },
            {
              "name": "Reserverd_4",
              "datatype": "nvarchar",
              "precision": 18,
              "scale": 0,
              "nullable": true,
              "key_type": "NOT A KEY"
            },
            {
              "name": "Reserverd_5",
              "datatype": "nvarchar",
              "precision": 18,
              "scale": 0,
              "nullable": true,
              "key_type": "NOT A KEY"
            }
          ],
          "needs_connection": true
        }
      ],
      "targets": [
        {
          "name": "today_party_role_xform",
          "type": "SQL",
          "database_type": "Microsoft SQL Server",
          "db_name": "",
          "owner_name": "",
          "field_count": 25,
          "needs_destination": true,
          "pyspark_write": "df.write.jdbc(url, 'today_party_role_xform', properties)",
          "fields": [
            {
              "name": "src_rowid",
              "datatype": "bigint",
              "precision": 19,
              "scale": 0,
              "nullable": false,
              "key_type": "NOT A KEY"
            },
            {
              "name": "inactivation_reason_id",
              "datatype": "bigint",
              "precision": 19,
              "scale": 0,
              "nullable": true,
              "key_type": "NOT A KEY"
            },
            {
              "name": "status_id",
              "datatype": "bigint",
              "precision": 19,
              "scale": 0,
              "nullable": true,
              "key_type": "NOT A KEY"
            },
            {
              "name": "primary_indicator",
              "datatype": "nchar",
              "precision": 1,
              "scale": 0,
              "nullable": true,
              "key_type": "NOT A KEY"
            },
            {
              "name": "source_party_role_id",
              "datatype": "nvarchar",
              "precision": 255,
              "scale": 0,
              "nullable": true,
              "key_type": "NOT A KEY"
            },
            {
              "name": "role_type_id",
              "datatype": "bigint",
              "precision": 19,
              "scale": 0,
              "nullable": true,
              "key_type": "NOT A KEY"
            },
            {
              "name": "last_updated_date",
              "datatype": "nvarchar",
              "precision": 23,
              "scale": 0,
              "nullable": true,
              "key_type": "NOT A KEY"
            },
            {
              "name": "source_party_id",
              "datatype": "nvarchar",
              "precision": 255,
              "scale": 0,
              "nullable": true,
              "key_type": "NOT A KEY"
            },
            {
              "name": "source_system",
              "datatype": "nvarchar",
              "precision": 250,
              "scale": 0,
              "nullable": true,
              "key_type": "NOT A KEY"
            },
            {
              "name": "created_by",
              "datatype": "nvarchar",
              "precision": 50,
              "scale": 0,
              "nullable": true,
              "key_type": "NOT A KEY"
            },
            {
              "name": "created_date",
              "datatype": "nvarchar",
              "precision": 23,
              "scale": 0,
              "nullable": true,
              "key_type": "NOT A KEY"
            },
            {
              "name": "inactivation_date",
              "datatype": "nvarchar",
              "precision": 23,
              "scale": 0,
              "nullable": true,
              "key_type": "NOT A KEY"
            },
            {
              "name": "deleted_indicator",
              "datatype": "nchar",
              "precision": 1,
              "scale": 0,
              "nullable": true,
              "key_type": "NOT A KEY"
            },
            {
              "name": "last_updated_by",
              "datatype": "nvarchar",
              "precision": 50,
              "scale": 0,
              "nullable": true,
              "key_type": "NOT A KEY"
            },
            {
              "name": "sub_role_type_id",
              "datatype": "bigint",
              "precision": 19,
              "scale": 0,
              "nullable": true,
              "key_type": "NOT A KEY"
            },
            {
              "name": "parent_source_system",
              "datatype": "nvarchar",
              "precision": 50,
              "scale": 0,
              "nullable": true,
              "key_type": "NOT A KEY"
            },
            {
              "name": "org_intermediary_number",
              "datatype": "numeric",
              "precision": 15,
              "scale": 0,
              "nullable": true,
              "key_type": "NOT A KEY"
            },
            {
              "name": "org_sga_status_id",
              "datatype": "bigint",
              "precision": 19,
              "scale": 0,
              "nullable": true,
              "key_type": "NOT A KEY"
            },
            {
              "name": "dually_registered_ind",
              "datatype": "nchar",
              "precision": 1,
              "scale": 0,
              "nullable": true,
              "key_type": "NOT A KEY"
            },
            {
              "name": "org_w9_form_on_file_ind",
              "datatype": "nchar",
              "precision": 1,
              "scale": 0,
              "nullable": true,
              "key_type": "NOT A KEY"
            },
            {
              "name": "prsn_primary_rep_id",
              "datatype": "nvarchar",
              "precision": 9,
              "scale": 0,
              "nullable": true,
              "key_type": "NOT A KEY"
            },
            {
              "name": "mapping_name",
              "datatype": "nvarchar",
              "precision": 80,
              "scale": 0,
              "nullable": true,
              "key_type": "NOT A KEY"
            },
            {
              "name": "org_tpa_soltn_idfct_num",
              "datatype": "nvarchar",
              "precision": 32,
              "scale": 0,
              "nullable": true,
              "key_type": "NOT A KEY"
            },
            {
              "name": "GRP_PRIMARY_REP_ID",
              "datatype": "varchar",
              "precision": 9,
              "scale": 0,
              "nullable": true,
              "key_type": "NOT A KEY"
            },
            {
              "name": "DEFERRED_OWNERSHIP_IND",
              "datatype": "nchar",
              "precision": 1,
              "scale": 0,
              "nullable": true,
              "key_type": "NOT A KEY"
            }
          ]
        }
      ],
      "transform_summary": {
        "source_qualifiers": 2,
        "expressions": 3,
        "filters": 3,
        "joiners": 1,
        "lookups": 1,
        "stored_procedures": 1,
        "update_strategies": 0,
        "aggregators": 0,
        "sorters": 2,
        "routers": 0,
        "unions": 0,
        "others": 0
      },
      "main_flow": [
        {
          "instance_name": "pre_land_sfdc_org_office_role",
          "instance_type": "SOURCE",
          "order": 0
        },
        {
          "instance_name": "pre_land_sfdc_organization",
          "instance_type": "SOURCE",
          "order": 1
        },
        {
          "instance_name": "SP_LKP_LOAD_TOTAL_ERROR_INFO",
          "instance_type": "TRANSFORMATION",
          "order": 2
        },
        {
          "instance_name": "lkp_values",
          "instance_type": "TRANSFORMATION",
          "order": 3
        },
        {
          "instance_name": "SQ_pre_land_sfdc_org_office_role",
          "instance_type": "TRANSFORMATION",
          "order": 4
        },
        {
          "instance_name": "SQ_pre_land_sfdc_organization",
          "instance_type": "TRANSFORMATION",
          "order": 5
        },
        {
          "instance_name": "flt_org_role",
          "instance_type": "TRANSFORMATION",
          "order": 6
        },
        {
          "instance_name": "flt_org",
          "instance_type": "TRANSFORMATION",
          "order": 7
        },
        {
          "instance_name": "exp_org_role",
          "instance_type": "TRANSFORMATION",
          "order": 8
        },
        {
          "instance_name": "exp_org",
          "instance_type": "TRANSFORMATION",
          "order": 9
        },
        {
          "instance_name": "srtr_data_prep1",
          "instance_type": "TRANSFORMATION",
          "order": 10
        },
        {
          "instance_name": "srtr_data_prep",
          "instance_type": "TRANSFORMATION",
          "order": 11
        },
        {
          "instance_name": "jnr_org",
          "instance_type": "TRANSFORMATION",
          "order": 12
        },
        {
          "instance_name": "exp_lookup_values",
          "instance_type": "TRANSFORMATION",
          "order": 13
        },
        {
          "instance_name": "FIL_Null_Role_Type_id",
          "instance_type": "TRANSFORMATION",
          "order": 14
        },
        {
          "instance_name": "TODAY_PARTY_ROLE_XFORM",
          "instance_type": "TARGET",
          "order": 15
        }
      ],
      "detached_lookups": [],
      "detached_sps": [],
      "expression_analysis": {
        "lookups": [
          {
            "lookup_name": "lkp_values",
            "input_ports": [
              "ltrim(rtrim(Role_Inactivation_Reason__c"
            ],
            "output_ports": [],
            "condition": ""
          }
        ],
        "stored_procs": [
          {
            "sp_name": "SP_LKP_LOAD_TOTAL_ERROR_INFO",
            "input_ports": [
              "Role__c",
              "'ORG_'||Id",
              "Id||Role__c",
              "'ROLE_TYPE_ID'",
              "created_date",
              "Source_System_Name",
              "'wf_landing_sfdc_to_cdm_organization_party_role'",
              "'9999 Rejected record'",
              "'wf_landing_sfdc_to_cdm_organization_party_role'"
            ],
            "output_ports": []
          }
        ],
        "pm_variables": [
          "$PMMappingName"
        ],
        "unknown_references": []
      },
      "required_user_inputs": [
        {
          "type": "connection",
          "source_name": "pre_land_sfdc_org_office_role",
          "label": "Database connection for pre_land_sfdc_org_office_role",
          "db_name": "CDM_SQL_PRE_LANDING_SRC",
          "database_type": "Microsoft SQL Server"
        },
        {
          "type": "connection",
          "source_name": "pre_land_sfdc_organization",
          "label": "Database connection for pre_land_sfdc_organization",
          "db_name": "CDM_SQL_PRE_LANDING_SRC",
          "database_type": "Microsoft SQL Server"
        },
        {
          "type": "target_config",
          "target_name": "today_party_role_xform",
          "label": "Target configuration for today_party_role_xform",
          "needs": [
            "format",
            "destination",
            "write_mode"
          ]
        }
      ],
      "flow_text": "pre_land_sfdc_org_office_role (SRC) -> SQ_pre_land_sfdc_org_office_role (TRA) -> flt_org_role (TRA) -> exp_org_role (TRA) -> srtr_data_prep1 (TRA) -> jnr_org (TRA) -> exp_lookup_values (TRA) -> FIL_Null_Role_Type_id (TRA) -> TODAY_PARTY_ROLE_XFORM (TGT)"
    }
  ],
  "warnings": [],
  "errors": []
}