{
  "artifact_id": "6b14d51a",
  "sources": [
    {
      "source_name": "Trading_ID_Plan_Sponsor_For_Further_Match",
      "source_type": "SQL",
      "connection_alias": "CDM Prelanding new",
      "file_format": null,
      "file_location": null,
      "file_path": null,
      "delimiter": ",",
      "header": true,
      "quote_char": "\"",
      "escape_char": "\\",
      "encoding": "UTF-8"
    },
    {
      "source_name": "pre_land_fidelity_wpi",
      "source_type": "SQL",
      "connection_alias": "CDM Prelanding new",
      "file_format": null,
      "file_location": null,
      "file_path": null,
      "delimiter": ",",
      "header": true,
      "quote_char": "\"",
      "escape_char": "\\",
      "encoding": "UTF-8"
    },
    {
      "source_name": "C_PARTY_XREF",
      "source_type": "SQL",
      "connection_alias": "CDM",
      "file_format": null,
      "file_location": null,
      "file_path": null,
      "delimiter": ",",
      "header": true,
      "quote_char": "\"",
      "escape_char": "\\",
      "encoding": "UTF-8"
    }
  ],
  "targets": [
    {
      "target_name": "C_PARTY_EMI",
      "output_format": "delta",
      "destination_path": "",
      "table_name": "C_PARTY_EMI",
      "write_mode": "append",
      "connection_alias": null
    },
    {
      "target_name": "Fidelity_Trading_ID_Manual_Review_Report",
      "output_format": "delta",
      "destination_path": "",
      "table_name": "Fidelity_Trading_ID_Manual_Review_Report",
      "write_mode": "append",
      "connection_alias": null
    },
    {
      "target_name": "Today_Party_Trading_ID_Xform",
      "output_format": "delta",
      "destination_path": "",
      "table_name": "Today_Party_Trading_ID_Xform",
      "write_mode": "append",
      "connection_alias": null
    },
    {
      "target_name": "Trading_ID_Plan_Sponsor_For_Further_Match",
      "output_format": "delta",
      "destination_path": "",
      "table_name": "Trading_ID_Plan_Sponsor_For_Further_Match",
      "write_mode": "append",
      "connection_alias": null
    }
  ],
  "db_connections": {},
  "connection_mappings": {},
  "options": {
    "generate_orchestration": true,
    "use_delta_format": true,
    "broadcast_lookups": true,
    "generate_tests": false
  }
}