{
  "xml_type": "POWERMART",
  "folder_name": "CDM_DEV3_SFDC",
  "repository_name": "pc105_repo_dev2_3",
  "mapping_count": 1,
  "mappings": [
    {
      "mapping_name": "m_landing_sfdc_to_cdm_contact_party_rel_new",
      "sources": [
        {
          "name": "pre_land_sfdc_contact",
          "type": "SQL",
          "database_type": "Microsoft SQL Server",
          "db_name": "CDM_SQL_PRE_LANDING_SRC",
          "field_count": 85,
          "confidence": "high",
          "needs_connection": true
        }
      ],
      "targets": [
        {
          "name": "today_party_rel_xform",
          "database_type": "Microsoft SQL Server",
          "field_count": 21,
          "needs_destination": true
        }
      ],
      "transform_summary": {
        "source_qualifiers": 6,
        "expressions": 12,
        "filters": 6,
        "joiners": 0,
        "lookups": 3,
        "stored_procedures": 0,
        "update_strategies": 0,
        "aggregators": 3,
        "sorters": 0,
        "routers": 0,
        "unions": 0,
        "others": 0
      },
      "main_flow": [
        {
          "instance_name": "pre_land_sfdc_contact_PerRoletoOrg",
          "instance_type": "SOURCE",
          "order": 0
        },
        {
          "instance_name": "pre_land_sfdc_contact_PerToOrg",
          "instance_type": "SOURCE",
          "order": 1
        },
        {
          "instance_name": "pre_land_sfdc_contact_PerRoletoOfc",
          "instance_type": "SOURCE",
          "order": 2
        },
        {
          "instance_name": "pre_land_sfdc_contact_PertoOfc",
          "instance_type": "SOURCE",
          "order": 3
        },
        {
          "instance_name": "pre_land_sfdc_contact_PertoOrgDirect",
          "instance_type": "SOURCE",
          "order": 4
        },
        {
          "instance_name": "pre_land_sfdc_contact_PerRoletoOrgDirect",
          "instance_type": "SOURCE",
          "order": 5
        },
        {
          "instance_name": "lkp_values",
          "instance_type": "TRANSFORMATION",
          "order": 6
        },
        {
          "instance_name": "TODAY_PARTY_XFORM",
          "instance_type": "TRANSFORMATION",
          "order": 7
        },
        {
          "instance_name": "TODAY_PARTY_ROLE_XFORM",
          "instance_type": "TRANSFORMATION",
          "order": 8
        },
        {
          "instance_name": "SQ_pre_land_sfdc_contact_PerRoleToOrg",
          "instance_type": "TRANSFORMATION",
          "order": 9
        },
        {
          "instance_name": "SQ_pre_land_sfdc_contact_PerToORg",
          "instance_type": "TRANSFORMATION",
          "order": 10
        },
        {
          "instance_name": "SQ_pre_land_sfdc_contact_PerRoleToOfc",
          "instance_type": "TRANSFORMATION",
          "order": 11
        },
        {
          "instance_name": "SQ_pre_land_sfdc_contact_PerToOfc",
          "instance_type": "TRANSFORMATION",
          "order": 12
        },
        {
          "instance_name": "SQ_pre_land_sfdc_contact_PerToOrgDirect",
          "instance_type": "TRANSFORMATION",
          "order": 13
        },
        {
          "instance_name": "SQ_pre_land_sfdc_contact_PerRoleToOrgDirect",
          "instance_type": "TRANSFORMATION",
          "order": 14
        },
        {
          "instance_name": "EXPTRANS111",
          "instance_type": "TRANSFORMATION",
          "order": 15
        },
        {
          "instance_name": "EXPTRANS12",
          "instance_type": "TRANSFORMATION",
          "order": 16
        },
        {
          "instance_name": "EXPTRANS11",
          "instance_type": "TRANSFORMATION",
          "order": 17
        },
        {
          "instance_name": "EXPTRANS1",
          "instance_type": "TRANSFORMATION",
          "order": 18
        },
        {
          "instance_name": "EXPTRANS13",
          "instance_type": "TRANSFORMATION",
          "order": 19
        },
        {
          "instance_name": "EXPTRANS112",
          "instance_type": "TRANSFORMATION",
          "order": 20
        },
        {
          "instance_name": "FILTRANS1111",
          "instance_type": "TRANSFORMATION",
          "order": 21
        },
        {
          "instance_name": "FILTRANS2",
          "instance_type": "TRANSFORMATION",
          "order": 22
        },
        {
          "instance_name": "FILTRANS111",
          "instance_type": "TRANSFORMATION",
          "order": 23
        },
        {
          "instance_name": "FILTRANS11",
          "instance_type": "TRANSFORMATION",
          "order": 24
        },
        {
          "instance_name": "FILTRANS112",
          "instance_type": "TRANSFORMATION",
          "order": 25
        },
        {
          "instance_name": "FILTRANS1112",
          "instance_type": "TRANSFORMATION",
          "order": 26
        },
        {
          "instance_name": "mplt_get_from_party_and_to_party_status1",
          "instance_type": "MAPPLET",
          "order": 27
        },
        {
          "instance_name": "mplt_get_from_party_and_to_party_status",
          "instance_type": "MAPPLET",
          "order": 28
        },
        {
          "instance_name": "mplt_get_from_party_and_to_party_status4",
          "instance_type": "MAPPLET",
          "order": 29
        },
        {
          "instance_name": "mplt_get_from_party_and_to_party_status3",
          "instance_type": "MAPPLET",
          "order": 30
        },
        {
          "instance_name": "mplt_get_from_party_and_to_party_status5",
          "instance_type": "MAPPLET",
          "order": 31
        },
        {
          "instance_name": "mplt_get_from_party_and_to_party_status2",
          "instance_type": "MAPPLET",
          "order": 32
        },
        {
          "instance_name": "EXPTRANS2",
          "instance_type": "TRANSFORMATION",
          "order": 33
        },
        {
          "instance_name": "EXPTRANS5",
          "instance_type": "TRANSFORMATION",
          "order": 34
        },
        {
          "instance_name": "EXPTRANS",
          "instance_type": "TRANSFORMATION",
          "order": 35
        },
        {
          "instance_name": "EXPTRANS4",
          "instance_type": "TRANSFORMATION",
          "order": 36
        },
        {
          "instance_name": "EXPTRANS6",
          "instance_type": "TRANSFORMATION",
          "order": 37
        },
        {
          "instance_name": "EXPTRANS3",
          "instance_type": "TRANSFORMATION",
          "order": 38
        },
        {
          "instance_name": "TODAY_PARTY_REL_XFORM_PerRoleToOrg",
          "instance_type": "TARGET",
          "order": 39
        },
        {
          "instance_name": "AGGTRANS1",
          "instance_type": "TRANSFORMATION",
          "order": 40
        },
        {
          "instance_name": "today_party_rel_xform_PerRoletoOfc",
          "instance_type": "TARGET",
          "order": 41
        },
        {
          "instance_name": "AGGTRANS",
          "instance_type": "TRANSFORMATION",
          "order": 42
        },
        {
          "instance_name": "AGGTRANS2",
          "instance_type": "TRANSFORMATION",
          "order": 43
        },
        {
          "instance_name": "today_party_rel_xform_PerRoletoOrgDirect",
          "instance_type": "TARGET",
          "order": 44
        },
        {
          "instance_name": "today_party_rel_xform_PerToOrg",
          "instance_type": "TARGET",
          "order": 45
        },
        {
          "instance_name": "today_party_rel_xform_PertoOfc",
          "instance_type": "TARGET",
          "order": 46
        },
        {
          "instance_name": "today_party_rel_xform_PertoOrgDirect",
          "instance_type": "TARGET",
          "order": 47
        }
      ],
      "detached_lookups": [],
      "detached_sps": [],
      "expression_analysis": {
        "lookups": [
          {
            "lookup_name": "lkp_values",
            "input_ports": [
              "VAR_ROLE_STATUS",
              "'PARTY_RLNSPL_STATUS_ID'"
            ],
            "output_ports": [],
            "condition": ""
          },
          {
            "lookup_name": "TODAY_PARTY_XFORM",
            "input_ports": [
              "FROM_PARTY_ID"
            ],
            "output_ports": [],
            "condition": ""
          },
          {
            "lookup_name": "TODAY_PARTY_ROLE_XFORM",
            "input_ports": [
              "FROM_PARTY_ID",
              "Contact_role__Var"
            ],
            "output_ports": [],
            "condition": ""
          }
        ],
        "stored_procs": [],
        "pm_variables": [
          "$PMMappingName"
        ],
        "unknown_references": []
      },
      "required_user_inputs": [
        {
          "type": "connection",
          "source_name": "pre_land_sfdc_contact",
          "label": "Database connection for pre_land_sfdc_contact",
          "db_name": "CDM_SQL_PRE_LANDING_SRC",
          "database_type": "Microsoft SQL Server"
        },
        {
          "type": "target_config",
          "target_name": "today_party_rel_xform",
          "label": "Target configuration for today_party_rel_xform",
          "needs": [
            "format",
            "destination",
            "write_mode"
          ]
        }
      ],
      "flow_text": "pre_land_sfdc_contact_PerToOrg (SRC) -> SQ_pre_land_sfdc_contact_PerToORg (TRA) -> EXPTRANS12 (TRA) -> FILTRANS2 (TRA) -> mplt_get_from_party_and_to_party_status (MAP) -> EXPTRANS5 (TRA) -> AGGTRANS1 (TRA) -> today_party_rel_xform_PerToOrg (TGT)"
    }
  ],
  "warnings": [],
  "errors": []
}