{
  "artifact_id": "8ee3a8f5",
  "sources": [
    {
      "source_name": "vw_pre_land_dst_ta_customer_legal_owner",
      "source_type": "SQL",
      "connection_alias": "MSSCDM_DEV",
      "file_format": null,
      "file_location": null,
      "file_path": null,
      "delimiter": ",",
      "header": true,
      "quote_char": "\"",
      "escape_char": "\\",
      "encoding": "UTF-8"
    }
  ],
  "targets": [
    {
      "target_name": "today_party_cntct_mchsm_xform",
      "output_format": "delta",
      "destination_path": "",
      "table_name": "today_party_cntct_mchsm_xform",
      "write_mode": "append",
      "connection_alias": null
    },
    {
      "target_name": "today_party_cntct_mchsm_inv",
      "output_format": "delta",
      "destination_path": "",
      "table_name": "today_party_cntct_mchsm_inv",
      "write_mode": "append",
      "connection_alias": null
    }
  ],
  "db_connections": {},
  "connection_mappings": {},
  "options": {
    "generate_orchestration": true,
    "use_delta_format": true,
    "broadcast_lookups": true,
    "generate_tests": false
  }
}