{
  "xml_type": "POWERMART",
  "folder_name": "CDM_DEV3_SFDC",
  "repository_name": "pc105_repo_dev2_3",
  "mapping_count": 1,
  "mappings": [
    {
      "mapping_name": "m_landing_sfdc_to_cdm_contact_party",
      "sources": [
        {
          "name": "pre_land_sfdc_contact",
          "type": "SQL",
          "database_type": "Microsoft SQL Server",
          "db_name": "CDM_SQL_PRE_LANDING_SRC",
          "field_count": 85,
          "confidence": "high",
          "needs_connection": true
        }
      ],
      "targets": [
        {
          "name": "today_party_xform",
          "database_type": "Microsoft SQL Server",
          "field_count": 36,
          "needs_destination": true
        }
      ],
      "transform_summary": {
        "source_qualifiers": 1,
        "expressions": 1,
        "filters": 2,
        "joiners": 0,
        "lookups": 2,
        "stored_procedures": 1,
        "update_strategies": 0,
        "aggregators": 0,
        "sorters": 0,
        "routers": 0,
        "unions": 0,
        "others": 0
      },
      "main_flow": [
        {
          "instance_name": "SP_LKP_LOAD_TOTAL_ERROR_INFO",
          "instance_type": "TRANSFORMATION",
          "order": 0
        },
        {
          "instance_name": "TODAY_PARTY_XFORM_LOOKUP",
          "instance_type": "TRANSFORMATION",
          "order": 1
        },
        {
          "instance_name": "lkp_values",
          "instance_type": "TRANSFORMATION",
          "order": 2
        },
        {
          "instance_name": "pre_land_sfdc_contact1",
          "instance_type": "SOURCE",
          "order": 3
        },
        {
          "instance_name": "SQ_pre_land_sfdc_contact1",
          "instance_type": "TRANSFORMATION",
          "order": 4
        },
        {
          "instance_name": "FILTRANS",
          "instance_type": "TRANSFORMATION",
          "order": 5
        },
        {
          "instance_name": "EXP",
          "instance_type": "TRANSFORMATION",
          "order": 6
        },
        {
          "instance_name": "FILTRANS1",
          "instance_type": "TRANSFORMATION",
          "order": 7
        },
        {
          "instance_name": "TODAY_PARTY_XFORM1",
          "instance_type": "TARGET",
          "order": 8
        }
      ],
      "detached_lookups": [],
      "detached_sps": [],
      "expression_analysis": {
        "lookups": [
          {
            "lookup_name": "lkp_values",
            "input_ports": [
              "ltrim(rtrim(Salutation"
            ],
            "output_ports": [],
            "condition": ""
          },
          {
            "lookup_name": "TODAY_PARTY_XFORM_LOOKUP",
            "input_ports": [
              "'PER_'||Sequence_N__c"
            ],
            "output_ports": [],
            "condition": ""
          },
          {
            "lookup_name": "LKP_VALUES",
            "input_ports": [
              "'Fully-Qualified'",
              "'PARTY_QUALIFICATION_LEVEL_ID'"
            ],
            "output_ports": [],
            "condition": ""
          }
        ],
        "stored_procs": [
          {
            "sp_name": "SP_LKP_LOAD_TOTAL_ERROR_INFO",
            "input_ports": [
              "Salutation",
              "'PER_'||Id",
              "'PER_'||Id",
              "'PERSON_HONORIFIC_ID'",
              "CreatedDate",
              "SOURCE_SYSTEM_NAME",
              "'wf_landing_sfdc_to_cdm_contact_party'",
              "'Lookup NULL Record'",
              "'wf_landing_sfdc_to_cdm_contact_party'"
            ],
            "output_ports": []
          }
        ],
        "pm_variables": [
          "$PMMappingName"
        ],
        "unknown_references": []
      },
      "required_user_inputs": [
        {
          "type": "connection",
          "source_name": "pre_land_sfdc_contact",
          "label": "Database connection for pre_land_sfdc_contact",
          "db_name": "CDM_SQL_PRE_LANDING_SRC",
          "database_type": "Microsoft SQL Server"
        },
        {
          "type": "target_config",
          "target_name": "today_party_xform",
          "label": "Target configuration for today_party_xform",
          "needs": [
            "format",
            "destination",
            "write_mode"
          ]
        }
      ],
      "flow_text": "pre_land_sfdc_contact1 (SRC) -> SQ_pre_land_sfdc_contact1 (TRA) -> FILTRANS (TRA) -> EXP (TRA) -> FILTRANS1 (TRA) -> TODAY_PARTY_XFORM1 (TGT)"
    }
  ],
  "warnings": [],
  "errors": []
}